YEAR_MONTH,DISPENSER_ACCOUNT_TYPE,ITEMS,TOTAL_QUANTITY,NIC
202101,English Appliance Contractor,863460.0,53911279.2,51670761.31999999
202101,English Dispensing Doctor,5732244.0,301153244.1,39004799.66
202101,English Personal Administration,746753.0,802887.0,9466529.64
202101,English Pharmacy,83981841.0,7135689368.5,695905553.25
202102,English Appliance Contractor,772458.0,48556812.1,46701838.54
202102,English Dispensing Doctor,5290300.0,280106091.5,35938259.4
202102,English Personal Administration,485473.0,531781.0,6845424.22
202102,English Pharmacy,78980843.0,6700054820.54,654801858.66
202103,English Appliance Contractor,870832.0,59396666.1,49995394.78
202103,English Dispensing Doctor,5879181.0,309642519.6,39884539.34
202103,English Personal Administration,469632.0,534002.5,6999577.640000001
202103,English Pharmacy,88829000.0,7556239042.21,737923151.97
202104,English Appliance Contractor,874011.0,61087122.2,52307456.48
202104,English Dispensing Doctor,5693222.0,301937665.11,38421741.78
202104,English Personal Administration,370378.0,433003.0,5888022.73
202104,English Pharmacy,86079364.0,7336924239.3,710948530.0
202105,English Appliance Contractor,855289.0,59370878.0,50007111.68
202105,English Dispensing Doctor,5553304.0,288642273.9,37481299.77
202105,English Personal Administration,358606.0,426709.0,5627912.890000001
202105,English Pharmacy,82302122.0,6953725199.120001,682234333.54
202106,English Appliance Contractor,939753.0,66178575.2,52941279.92
202106,English Dispensing Doctor,5936421.0,308958344.3,40279298.46
202106,English Personal Administration,336351.0,409526.5,5436989.07
202106,English Pharmacy,88529576.0,7520092027.099999,736116115.21
202107,English Appliance Contractor,932978.0,65329296.7,54463569.57
202107,English Dispensing Doctor,5880204.0,303440788.31,38639084.86
202107,English Personal Administration,340432.0,413222.0,5424463.890000001
202107,English Pharmacy,88344488.0,7463849312.76,713586408.45
202108,English Appliance Contractor,902872.0,62998919.3,53012619.23
202108,English Dispensing Doctor,5654952.0,293535198.2,37088372.11
202108,English Personal Administration,316895.0,378818.5,4975509.34
202108,English Pharmacy,83954475.0,7050795057.84,674037445.31
202109,English Appliance Contractor,940453.0,65268387.2,56096051.99
202109,English Dispensing Doctor,6359051.0,308685358.1,43594368.79
202109,English Personal Administration,1852081.0,1921874.5,21679415.24
202109,English Pharmacy,88112061.0,7474834281.540001,712904113.72
202110,English Appliance Contractor,885721.0,60717153.900000006,53087138.05
202110,English Dispensing Doctor,6758771.0,296004137.9,48332919.04
202110,English Personal Administration,3785603.0,3855723.0,42233489.11
202110,English Pharmacy,84786767.0,7086973786.51,670889886.49
202111,English Appliance Contractor,937116.0,63873318.1,55036567.29
202111,English Dispensing Doctor,6438614.0,299096534.1,44399915.09
202111,English Personal Administration,2359264.0,2437230.5,26805798.290000003
202111,English Pharmacy,88275762.0,7390007632.91,702263114.41
202112,English Appliance Contractor,924936.0,67020715.7,57541595.16
202112,English Dispensing Doctor,6392254.0,319392780.9,42878190.82
202112,English Personal Administration,1529837.0,1605869.0,18225566.67
202112,English Pharmacy,92005675.0,7716575403.42,738431702.86
202201,English Appliance Contractor,924568.0,65308271.5,55084203.92
202201,English Dispensing Doctor,5837195.0,294593408.0,37730106.78
202201,English Personal Administration,811152.0,886727.5,10495220.02
202201,English Pharmacy,86763792.0,7337360110.4,679069065.24
202202,English Appliance Contractor,821343.0,56992677.3,50984287.07
202202,English Dispensing Doctor,5453835.0,284590671.0,35158434.52
202202,English Personal Administration,588342.0,672216.5,7886414.46
202202,English Pharmacy,81408811.0,6923321141.799999,640030931.99
202203,English Appliance Contractor,968980.0,68747054.6,58936437.1
202203,English Dispensing Doctor,6124634.0,316629963.7,39886517.25
202203,English Personal Administration,582364.0,679850.5,8035563.24
202203,English Pharmacy,92491896.0,7867987522.5,732853190.66
202204,English Appliance Contractor,861700.0,62292689.5,51963878.010000005
202204,English Dispensing Doctor,5712629.0,293715238.8,36943293.44
202204,English Personal Administration,414950.0,498143.0,6168472.25
202204,English Pharmacy,86505842.0,7308581369.610001,682248517.2
202205,English Appliance Contractor,940391.0,68024424.7,58440235.01
202205,English Dispensing Doctor,5962701.0,305225877.3,38872030.63
202205,English Personal Administration,428905.0,534038.5,6183522.83
202205,English Pharmacy,90563959.0,7633904084.5,721101729.4300001
202206,English Appliance Contractor,935146.0,65451721.6,56688465.04000001
202206,English Dispensing Doctor,5918606.0,304411081.0,38988273.82
202206,English Personal Administration,417629.0,521946.0,6309400.0
202206,English Pharmacy,88264719.0,7479274287.110001,710383378.9000001
202207,English Appliance Contractor,929360.0,64773041.2,57731629.13
202207,English Dispensing Doctor,5868969.0,303004925.5,39570317.42
202207,English Personal Administration,459244.0,565151.0,6748082.53
202207,English Pharmacy,88056468.0,7479281831.41,724260164.52
202208,English Appliance Contractor,901667.0,63386466.7,55768663.16
202208,English Dispensing Doctor,5986112.0,306997327.7,40454305.13
202208,English Personal Administration,389315.0,488011.0,5909761.25
202208,English Pharmacy,89983043.0,7643740975.8,746706325.47
202209,English Appliance Contractor,949690.0,66237589.7,59590657.14
202209,English Dispensing Doctor,6174479.0,309109698.1,43574191.11
202209,English Personal Administration,1334697.0,1451309.5,18115021.31
202209,English Pharmacy,89202855.0,7539814799.11,749397977.53
202210,English Appliance Contractor,887470.0,60596143.9,56316741.34
202210,English Dispensing Doctor,7034197.0,305221111.9,55054293.7
202210,English Personal Administration,3884353.0,3986744.5,51547348.45
202210,English Pharmacy,88878337.0,7560765204.64,749971841.4300001
202211,English Appliance Contractor,934786.0,65391049.1,57856605.16
202211,English Dispensing Doctor,6495469.0,306414877.0,48188039.17
202211,English Personal Administration,2102653.0,2211911.5,28040268.64
202211,English Pharmacy,91381577.0,7757304343.5,774552246.04
202212,English Appliance Contractor,934549.0,68047220.8,60120891.31
202212,English Dispensing Doctor,6472949.0,320909889.9,47299303.66
202212,English Personal Administration,1572167.0,1677388.0,21619503.14
202212,English Pharmacy,92954726.0,7699964821.299999,801092892.8199999
202301,English Appliance Contractor,975556.0,68467599.3,60896583.35
202301,English Dispensing Doctor,6176136.0,311302089.0,44389687.61
202301,English Personal Administration,1026470.0,1137374.0,14602961.55
202301,English Pharmacy,92083699.0,7858054007.7,796581781.86
202302,English Appliance Contractor,860279.0,60763238.6,53583276.24
202302,English Dispensing Doctor,5671618.0,290944414.8,40642571.57
202302,English Personal Administration,728758.0,828473.0,10577999.27
202302,English Pharmacy,84672252.0,7227430214.700001,734234700.73
202303,English Appliance Contractor,1016292.0,71661106.0,63765260.67
202303,English Dispensing Doctor,6358389.0,324656350.0,45385101.41
202303,English Personal Administration,644590.0,774168.5,9491289.02
202303,English Pharmacy,96436579.0,8236755316.2,837891227.6299999
202304,English Appliance Contractor,858350.0,61886209.4,55249567.72
202304,English Dispensing Doctor,5654435.0,288366792.5,40025485.7
202304,English Personal Administration,453879.0,557478.5,7033457.960000001
202304,English Pharmacy,86229200.0,7270634294.4,744395896.89
202305,English Appliance Contractor,951455.0,66929676.3,60913704.06999999
202305,English Dispensing Doctor,6074249.0,316449493.20000005,43408936.74
202305,English Personal Administration,516841.0,638251.0,7788910.93
202305,English Pharmacy,92493747.0,7840494841.200001,805787494.32
202306,English Appliance Contractor,1025000.0,74016548.0,63783918.99
202306,English Dispensing Doctor,6248692.0,326321292.7,44829491.13
202306,English Personal Administration,504929.0,631306.0,7555550.52
202306,English Pharmacy,94460955.0,8086893860.4,825321702.7900001
202307,English Appliance Contractor,977307.0,68398980.1,61533233.46
202307,English Dispensing Doctor,6023181.0,311407456.0,43232099.25
202307,English Personal Administration,476344.0,596510.5,7085833.84
202307,English Pharmacy,91520353.0,7795824057.200001,798876612.31
202308,English Appliance Contractor,1004954.0,70042705.19999999,62974509.82
202308,English Dispensing Doctor,6174733.0,317420169.1,44032599.33
202308,English Personal Administration,443026.0,563447.5,6844157.57
202308,English Pharmacy,93294638.0,7930809433.7,808678262.42
202309,English Appliance Contractor,987803.0,69774222.3,62603231.19
202309,English Dispensing Doctor,6603340.0,318553687.6,50410018.95999999
202309,English Personal Administration,2386495.0,2529345.0,32291053.73
202309,English Pharmacy,91413823.0,7842801474.5,797138929.47
202310,English Appliance Contractor,930301.0,65683819.5,57801746.3
202310,English Dispensing Doctor,7184887.0,318373402.0,56012931.75
202310,English Personal Administration,3611359.0,3748635.5,48441862.98
202310,English Pharmacy,93365526.0,7902264004.8,777777237.49
202311,English Appliance Contractor,1004946.0,72543350.1,64833534.92999999
202311,English Dispensing Doctor,6485883.0,318477867.1,46297652.06
202311,English Personal Administration,1487903.0,1624588.5,20320149.16
202311,English Pharmacy,94546207.0,8034386676.799999,787465453.96
202312,English Appliance Contractor,980629.0,72103339.4,66652134.12
202312,English Dispensing Doctor,6407890.0,325005986.5,44857219.48
202312,English Personal Administration,1081189.0,1207822.5,15207613.82
202312,English Pharmacy,93793612.0,7888012106.6,785972724.81
202401,English Appliance Contractor,1051786.0,78609855.5,65352856.870000005
202401,English Dispensing Doctor,6357453.0,324909870.4,43572992.51
202401,English Personal Administration,813923.0,952344.5,11834484.88
202401,English Pharmacy,97203743.0,8260624555.12,801148949.06
202402,English Appliance Contractor,955139.0,70107588.2,60853060.49
202402,English Dispensing Doctor,6018383.0,307244117.4,41176507.26
202402,English Personal Administration,634998.0,818402.5,9377981.37
202402,English Pharmacy,91390779.0,7773446539.02,757119158.54
202403,English Appliance Contractor,943592.0,69035086.4,61091283.8
202403,English Dispensing Doctor,6007611.0,306936704.4,41068269.61
202403,English Personal Administration,616947.0,755225.5,9006521.19
202403,English Pharmacy,93146491.0,7853520017.84,771075881.4100001
202404,English Appliance Contractor,1026752.0,74398078.9,66786792.81
202404,English Dispensing Doctor,6415836.0,327409157.1,43663103.78
202404,English Personal Administration,510519.0,672151.0,7722001.31
202404,English Pharmacy,96189352.0,8104778097.9,790877807.66
202405,English Appliance Contractor,1006598.0,74716304.5,63594339.72
202405,English Dispensing Doctor,6339840.0,323335639.2,43236095.18
202405,English Personal Administration,513414.0,664658.0,7800802.4
202405,English Pharmacy,98530002.0,8368122769.299999,817259565.33
202406,English Appliance Contractor,974916.0,70518768.0,62906209.36
202406,English Dispensing Doctor,6052246.0,313724644.7,41768621.51
202406,English Personal Administration,485656.0,626616.0,7335768.789999999
202406,English Pharmacy,92157233.0,7804410355.0,772969561.1700001
202407,English Appliance Contractor,1085394.0,78913468.4,69883593.91
202407,English Dispensing Doctor,6446850.0,331241819.1,45277573.66
202407,English Personal Administration,523165.0,705616.0,7721802.31
202407,English Pharmacy,100151373.0,8547388599.8,857729262.22
202408,English Appliance Contractor,1033796.0,74941758.4,66920580.92
202408,English Dispensing Doctor,6324296.0,321502190.6,44548412.79
202408,English Personal Administration,453401.0,625601.5,7014698.5600000005
202408,English Pharmacy,95709916.0,8165631862.0,822091064.23
202409,English Appliance Contractor,1046153.0,75573330.7,67143427.62
202409,English Dispensing Doctor,6207728.0,316949714.0,43170410.86
202409,English Personal Administration,503406.0,647908.0,7596893.149999999
202409,English Pharmacy,93677810.0,7888527637.7,788031284.5799999
202410,English Appliance Contractor,1117998.0,80800816.19999999,72904743.09
202410,English Dispensing Doctor,7753756.0,334056286.0,61296904.13
202410,English Personal Administration,4342538.0,4494073.0,59172357.69
202410,English Pharmacy,99920580.0,8414492863.0,822329157.3199999
202411,English Appliance Contractor,1033134.0,76866986.7,68958469.44
202411,English Dispensing Doctor,6593917.0,317977785.0,47397723.14
202411,English Personal Administration,1638640.0,1769830.5,22787105.1
202411,English Pharmacy,95907007.0,8021551387.400001,788453335.8000001
202412,English Appliance Contractor,1032582.0,77340673.2,69644484.84
202412,English Dispensing Doctor,6631114.0,328036458.7,45844722.15
202412,English Personal Administration,1318916.0,1535371.0,18697443.91
202412,English Pharmacy,98614291.0,8208889596.299999,810997356.76
202501,English Appliance Contractor,1117164.0,82812328.1,72456020.69
202501,English Dispensing Doctor,6599223.0,335491791.2,44680130.42
202501,English Personal Administration,987446.0,1154271.0,14320859.48
202501,English Pharmacy,100996485.0,8451596329.1,820770690.19
202502,English Appliance Contractor,992985.0,73881995.1,65312252.47
202502,English Dispensing Doctor,5903898.0,298089526.79999995,39835168.1
202502,English Personal Administration,678799.0,825946.0,10106519.07
202502,English Pharmacy,90323794.0,7439838900.1,734732032.54
202503,English Appliance Contractor,1041575.0,77859552.3,68709556.73
202503,English Dispensing Doctor,6294150.0,319582826.5,42536571.55
202503,English Personal Administration,618838.0,835998.0,9109586.57
202503,English Pharmacy,96035361.0,7931010069.7,787259308.62
202504,English Appliance Contractor,1010210.0,76434179.8,67251278.09
202504,English Dispensing Doctor,6192767.0,311412932.0,41429277.04
202504,English Personal Administration,508355.0,654045.5,7829506.2
202504,English Pharmacy,96556522.0,7984463309.1,787816939.19
202505,English Appliance Contractor,1080133.0,80010919.6,71895021.83
202505,English Dispensing Doctor,6425996.0,327415860.2,43322624.67
202505,English Personal Administration,518315.0,676858.0,8079246.82
202505,English Pharmacy,99864449.0,8390340531.4,830318883.24
202506,English Appliance Contractor,1112036.0,83339947.0,71715554.33
202506,English Dispensing Doctor,6356651.0,322979691.0,43457267.02
202506,English Personal Administration,502088.0,655711.5,7633925.4
202506,English Pharmacy,96784920.0,8077143205.599999,811613523.54
202507,English Appliance Contractor,1167727.0,86504638.9,76571779.24
202507,English Dispensing Doctor,6619848.0,341611795.86,44761667.86
202507,English Personal Administration,502208.0,687016.0,7811809.75
202507,English Pharmacy,103067126.0,8947318286.1,861989855.1200001
202508,English Appliance Contractor,1061670.0,78109896.7,70382552.35
202508,English Dispensing Doctor,6190975.0,317671892.2,41952574.26
202508,English Personal Administration,479068.0,632233.0,7292769.609999999
202508,English Pharmacy,94229833.0,7906355842.4,781397931.8
202509,English Appliance Contractor,1134077.0,82808581.6,74343522.37
202509,English Dispensing Doctor,6429430.0,326933821.29999995,45073089.9
202509,English Personal Administration,537604.0,758165.0,8224659.79
202509,English Pharmacy,99610558.0,8363520578.6,863954849.65
202510,English Appliance Contractor,1176058.0,86393630.8,77273900.79
202510,English Dispensing Doctor,7939492.0,338069224.2,67734564.87
202510,English Personal Administration,4378814.0,4548357.0,73883401.41
202510,English Pharmacy,106031104.0,8711436938.7,914765042.35
202511,English Appliance Contractor,1077948.0,81063814.5,72572677.02
202511,English Dispensing Doctor,6437052.0,308904571.2,47381527.620000005
202511,English Personal Administration,1719649.0,1900048.5,28367164.1
202511,English Pharmacy,95771595.0,7921948564.1,808592290.53
202512,English Appliance Contractor,1104068.0,85200627.4,75976341.63
202512,English Dispensing Doctor,6794566.0,337608581.4,47047050.12
202512,English Personal Administration,1188165.0,1375601.5,19336291.2
202512,English Pharmacy,105246577.0,8715826973.4,878331477.31
202601,English Appliance Contractor,1159436.0,87178418.2,76056958.62
202601,English Dispensing Doctor,6517956.0,331094301.3,44848270.61
202601,English Personal Administration,801187.0,1049350.0,12976167.74
202601,English Pharmacy,101150756.0,8388819145.06,838661077.12
202602,English Appliance Contractor,1052569.0,80448687.3,69959541.99000001
202602,English Dispensing Doctor,6016105.0,306948604.9,41401041.58
202602,English Personal Administration,675795.0,890908.4,10642770.09
202602,English Pharmacy,93046365.0,7737482174.38,775273994.43
202603,English Appliance Contractor,1162552.0,88446978.6,76769385.01
202603,English Dispensing Doctor,6416133.0,323110505.66,44314127.58
202603,English Personal Administration,604556.0,800965.7,9609332.35
202603,English Pharmacy,102105643.0,8477115803.3,853979045.46
202604,English Appliance Contractor,1100623.0,84060071.9,73835225.18
202604,English Dispensing Doctor,6394641.0,322608265.1,44521119.93000001
202604,English Personal Administration,493042.0,709237.0,8085348.199999999
202604,English Pharmacy,99967752.0,8329847807.559999,845129486.82
202605,English Appliance Contractor,1109594.0,85960852.4,74465849.52
202605,English Dispensing Doctor,6240245.0,315935248.96,44122861.88
202605,English Personal Administration,508813.0,751789.5,7855057.25
202605,English Pharmacy,97598774.0,8083213361.9,836241675.05
202606,English Appliance Contractor,1230689.0,94551993.8,79814654.37
202606,English Dispensing Doctor,6502326.0,329528971.52,46757152.6
202606,English Personal Administration,488934.0,696767.0,7674320.81
202606,English Pharmacy,102393778.0,8501507860.299999,888989449.42
