YEAR_MONTH,BNF_CHAPTER_CODE,BNF_CHAPTER,ITEMS,TOTAL_QUANTITY,NIC
202101,1,Gastro-Intestinal System,8668394.0,698865946.0,49071452.18
202101,10,Musculoskeletal and Joint Diseases,2391273.0,158223526.0,13309110.34
202101,11,Eye,1291982.0,21116209.5,13082092.8
202101,12,"Ear, Nose and Oropharynx",800175.0,20817918.6,5700561.47
202101,13,Skin,2151196.0,397383914.5,20667482.23
202101,14,Immunological Products and Vaccines,600070.0,600395.0,5788942.05
202101,15,Anaesthesia,118207.0,15059234.0,1837701.84
202101,18,Preparations used in Diagnosis,7.0,3500.0,612.5
202101,19,Other Drugs and Preparations,80690.0,53726919.0,2365413.8000000003
202101,2,Cardiovascular System,27037255.0,955659240.0,130216451.28
202101,20,Dressings,473849.0,12890111.1,13368161.11
202101,21,Appliances,2574431.0,498749227.5,41749197.94
202101,22,Incontinence Appliances,197778.0,3801847.0,5039891.47
202101,23,Stoma Appliances,552764.0,51765818.6,29197059.49
202101,3,Respiratory System,5901232.0,112775443.0,87603812.89
202101,4,Central Nervous System,18202696.0,1274962718.0,141898846.73
202101,5,Infections,2833628.0,95941625.0,17375384.9
202101,6,Endocrine System,9479936.0,473132665.5,123505223.88
202101,7,"Obstetrics, Gynaecology and Urinary-Tract Disorders",2595214.0,117432647.0,21448705.98
202101,8,Malignant Disease and Immunosuppression,380503.0,15916109.0,15211560.67
202101,9,Nutrition and Blood,4993018.0,2512731764.5,57609978.32000001
202102,1,Gastro-Intestinal System,8167774.0,653457880.0,45764841.07
202102,10,Musculoskeletal and Joint Diseases,2260305.0,148846396.0,12604151.24
202102,11,Eye,1211528.0,19780244.5,12267968.18
202102,12,"Ear, Nose and Oropharynx",766026.0,20319034.700000003,5437152.37
202102,13,Skin,2097981.0,379703448.64,20098745.19
202102,14,Immunological Products and Vaccines,294191.0,294576.0,2937065.22
202102,15,Anaesthesia,107207.0,7878885.5,1667181.22
202102,18,Preparations used in Diagnosis,9.0,7500.0,1312.5
202102,19,Other Drugs and Preparations,73717.0,49769267.0,2152339.11
202102,2,Cardiovascular System,25480268.0,900298896.0,123723927.13
202102,20,Dressings,422442.0,11622450.0,11797380.08
202102,21,Appliances,2446796.0,476723677.5,39139379.95
202102,22,Incontinence Appliances,177178.0,3400224.0,4494395.62
202102,23,Stoma Appliances,511443.0,47663418.8,27041235.910000004
202102,3,Respiratory System,5420683.0,105854467.0,80685557.33
202102,4,Central Nervous System,17142404.0,1197328665.0,132884118.37
202102,5,Infections,2564066.0,87817692.0,16495727.48
202102,6,Endocrine System,8892613.0,443612043.5,116450756.34
202102,7,"Obstetrics, Gynaecology and Urinary-Tract Disorders",2412713.0,106705580.0,20181146.09
202102,8,Malignant Disease and Immunosuppression,355939.0,14787368.0,14347800.86
202102,9,Nutrition and Blood,4723791.0,2353377791.0,54115199.56
202103,1,Gastro-Intestinal System,9170877.0,729992416.0,52072495.09
202103,10,Musculoskeletal and Joint Diseases,2595470.0,170813397.0,14735797.76
202103,11,Eye,1374613.0,22383558.5,13970999.29
202103,12,"Ear, Nose and Oropharynx",896865.0,22757832.7,6358649.67
202103,13,Skin,2394670.0,430376653.91,23225073.12
202103,14,Immunological Products and Vaccines,235646.0,236115.0,2442777.59
202103,15,Anaesthesia,123683.0,11590889.0,1865544.89
202103,18,Preparations used in Diagnosis,7.0,3400.0,595.0
202103,19,Other Drugs and Preparations,85583.0,55901641.0,2421094.99
202103,2,Cardiovascular System,28573622.0,1009151768.0,139130567.78
202103,20,Dressings,488280.0,13094096.2,13499097.6
202103,21,Appliances,2761047.0,538405385.0,43233841.1
202103,22,Incontinence Appliances,193433.0,3704226.0,4876507.88
202103,23,Stoma Appliances,554518.0,51784258.9,28516867.0
202103,3,Respiratory System,6120343.0,123912736.0,90412983.47
202103,4,Central Nervous System,19240626.0,1344673759.7,149385443.82999998
202103,5,Infections,2895194.0,102336493.5,18496860.69
202103,6,Endocrine System,9965551.0,496506031.5,130591964.63
202103,7,"Obstetrics, Gynaecology and Urinary-Tract Disorders",2680482.0,116006517.0,22889926.5
202103,8,Malignant Disease and Immunosuppression,395743.0,16465600.0,15707573.6
202103,9,Nutrition and Blood,5302392.0,2665715455.5,60968002.25
202104,1,Gastro-Intestinal System,8836096.0,700122419.0,51121472.3
202104,10,Musculoskeletal and Joint Diseases,2517198.0,165852098.0,14247157.11
202104,11,Eye,1351566.0,22242847.0,13658967.670000002
202104,12,"Ear, Nose and Oropharynx",897712.0,21548817.0,6371038.71
202104,13,Skin,2327674.0,424896912.26,22419744.1
202104,14,Immunological Products and Vaccines,131372.0,132067.0,1419474.21
202104,15,Anaesthesia,117771.0,40194374.0,1784702.1
202104,18,Preparations used in Diagnosis,6.0,5500.0,962.5
202104,19,Other Drugs and Preparations,81870.0,54380483.0,2308988.47
202104,2,Cardiovascular System,27734578.0,980918346.0,137039382.39
202104,20,Dressings,465569.0,12666059.1,12865968.69
202104,21,Appliances,2702329.0,536872520.0,43882344.62
202104,22,Incontinence Appliances,195763.0,3746304.0,4966425.27
202104,23,Stoma Appliances,564982.0,52840302.9,30220724.4
202104,3,Respiratory System,6046066.0,127184237.0,87389664.37
202104,4,Central Nervous System,18578978.0,1300684074.35,139454627.76
202104,5,Infections,2705866.0,96986885.0,17137875.89
202104,6,Endocrine System,9675540.0,481749779.0,125807078.84
202104,7,"Obstetrics, Gynaecology and Urinary-Tract Disorders",2580286.0,111150651.0,21631589.3
202104,8,Malignant Disease and Immunosuppression,383364.0,15920063.0,15099923.829999998
202104,9,Nutrition and Blood,5122389.0,2550287291.0,58737638.45999999
202105,1,Gastro-Intestinal System,8459800.0,670087248.0,49031442.77
202105,10,Musculoskeletal and Joint Diseases,2419394.0,158918118.0,13608678.39
202105,11,Eye,1290368.0,21304490.5,13161136.57
202105,12,"Ear, Nose and Oropharynx",839505.0,20836142.4,5970037.76
202105,13,Skin,2097408.0,388907784.82,20567219.26
202105,14,Immunological Products and Vaccines,100492.0,100985.0,1192756.13
202105,15,Anaesthesia,123280.0,2532845.5,1732674.65
202105,18,Preparations used in Diagnosis,12.0,9000.0,1575.0
202105,19,Other Drugs and Preparations,79768.0,51446409.0,2267235.38
202105,2,Cardiovascular System,26517274.0,938042769.0,131728360.68
202105,20,Dressings,457821.0,12242698.0,12608266.43
202105,21,Appliances,2617589.0,500398081.5,42720510.38
202105,22,Incontinence Appliances,190931.0,3647718.0,4827813.93
202105,23,Stoma Appliances,535219.0,49733431.5,28266595.67
202105,3,Respiratory System,5736107.0,119032647.0,83236137.85000001
202105,4,Central Nervous System,17755777.0,1241646236.8000002,133601946.65
202105,5,Infections,2728230.0,104691921.0,16821907.78
202105,6,Endocrine System,9331692.0,465258106.5,122183827.39
202105,7,"Obstetrics, Gynaecology and Urinary-Tract Disorders",2488940.0,106809674.0,21161762.54
202105,8,Malignant Disease and Immunosuppression,365455.0,15220119.0,14278759.11
202105,9,Nutrition and Blood,4934259.0,2431298634.5,56382013.56
202106,1,Gastro-Intestinal System,8977670.0,707539628.0,52386430.760000005
202106,10,Musculoskeletal and Joint Diseases,2592923.0,170245132.0,14422869.420000002
202106,11,Eye,1479043.0,24036968.5,15104010.44
202106,12,"Ear, Nose and Oropharynx",1016237.0,22573241.8,7098980.18
202106,13,Skin,2254222.0,413085866.7000001,22027273.98
202106,14,Immunological Products and Vaccines,62795.0,63350.0,891797.3799999999
202106,15,Anaesthesia,130309.0,3760361.5,1826272.11
202106,18,Preparations used in Diagnosis,13.0,8000.0,1400.0
202106,19,Other Drugs and Preparations,80380.0,54364546.0,2177200.37
202106,2,Cardiovascular System,28304793.0,1002214678.0,141682807.66
202106,20,Dressings,522735.0,13622529.3,14380982.65
202106,21,Appliances,2828860.0,530320702.5,46540881.2
202106,22,Incontinence Appliances,204568.0,3879491.0,5170378.07
202106,23,Stoma Appliances,562425.0,52917765.7,28873366.28
202106,3,Respiratory System,6483332.0,143182988.0,91139210.28
202106,4,Central Nervous System,18888512.0,1324063916.1,141982513.48000002
202106,5,Infections,2993369.0,116373675.0,17978857.36
202106,6,Endocrine System,10023572.0,499248769.0,132184434.04
202106,7,"Obstetrics, Gynaecology and Urinary-Tract Disorders",2661310.0,115077000.0,22817019.72
202106,8,Malignant Disease and Immunosuppression,389104.0,16149185.0,15038047.75
202106,9,Nutrition and Blood,5285929.0,2682910679.0,61048949.53
202107,1,Gastro-Intestinal System,8971465.0,704510678.0,51303514.31999999
202107,10,Musculoskeletal and Joint Diseases,2579801.0,169379085.0,13040282.11
202107,11,Eye,1411190.0,23400824.5,13916311.76
202107,12,"Ear, Nose and Oropharynx",940031.0,22289527.3,6372700.79
202107,13,Skin,2179810.0,395698034.17,21169321.16
202107,14,Immunological Products and Vaccines,67585.0,68010.0,928453.79
202107,15,Anaesthesia,129689.0,6167906.5,1831075.25
202107,18,Preparations used in Diagnosis,10.0,5700.0,997.5
202107,19,Other Drugs and Preparations,86283.0,56692954.0,2326148.8000000003
202107,2,Cardiovascular System,28288251.0,1000753072.0,136874884.60000002
202107,20,Dressings,515711.0,13611603.6,14290932.56
202107,21,Appliances,2773697.0,506888519.5,46531260.28
202107,22,Incontinence Appliances,200368.0,3806037.0,5079651.77
202107,23,Stoma Appliances,578741.0,54070231.7,30761854.0
202107,3,Respiratory System,6365435.0,135574909.0,90888247.14
202107,4,Central Nervous System,18908201.0,1320362437.0,133122614.13
202107,5,Infections,3085542.0,117711274.0,17043515.91
202107,6,Endocrine System,10063080.0,501286549.5,131167376.17
202107,7,"Obstetrics, Gynaecology and Urinary-Tract Disorders",2669349.0,115746138.0,20537077.81
202107,8,Malignant Disease and Immunosuppression,388453.0,16145598.0,14563811.75
202107,9,Nutrition and Blood,5295410.0,2668863531.0,60363495.17
202108,1,Gastro-Intestinal System,8614477.0,673055229.0,48791844.68
202108,10,Musculoskeletal and Joint Diseases,2449719.0,160437963.5,12314343.73
202108,11,Eye,1313279.0,21943108.0,13206573.32
202108,12,"Ear, Nose and Oropharynx",836387.0,20581015.7,5696331.07
202108,13,Skin,2011209.0,367090333.94,19557359.3
202108,14,Immunological Products and Vaccines,56379.0,56770.0,792564.33
202108,15,Anaesthesia,117626.0,4615635.5,1724622.79
202108,18,Preparations used in Diagnosis,13.0,11200.0,1960.0
202108,19,Other Drugs and Preparations,76350.0,49967979.0,2049060.05
202108,2,Cardiovascular System,27115801.0,955692520.0,130810459.07
202108,20,Dressings,493821.0,13013584.2,13554987.77
202108,21,Appliances,2582107.0,469063518.5,43939850.64
202108,22,Incontinence Appliances,189173.0,3592563.0,4793297.87
202108,23,Stoma Appliances,563869.0,52618203.3,30367412.470000003
202108,3,Respiratory System,5847833.0,120099640.0,85447372.61
202108,4,Central Nervous System,18076433.0,1261602252.2,126112989.84
202108,5,Infections,2892009.0,103306867.0,15971529.419999998
202108,6,Endocrine System,9619085.0,476241075.0,124379964.82
202108,7,"Obstetrics, Gynaecology and Urinary-Tract Disorders",2544710.0,109357714.5,19281808.74
202108,8,Malignant Disease and Immunosuppression,371439.0,15335432.0,13696902.79
202108,9,Nutrition and Blood,5057475.0,2530025389.5,56622710.68
202109,1,Gastro-Intestinal System,9026089.0,708313562.0,51496987.23
202109,10,Musculoskeletal and Joint Diseases,2579152.0,169799854.0,13056665.81
202109,11,Eye,1348974.0,22565960.0,13645240.32
202109,12,"Ear, Nose and Oropharynx",884937.0,21975308.5,5946149.74
202109,13,Skin,2150565.0,386303016.94,21211209.47
202109,14,Immunological Products and Vaccines,1975216.0,1976405.0,21592397.57
202109,15,Anaesthesia,123116.0,39044216.5,1788261.7
202109,18,Preparations used in Diagnosis,13.0,7800.0,1365.0
202109,19,Other Drugs and Preparations,90401.0,52654560.0,2183749.84
202109,2,Cardiovascular System,28218057.0,998745658.0,136685409.96
202109,20,Dressings,496024.0,13270596.4,13854737.02
202109,21,Appliances,2774090.0,500358359.5,47368297.94
202109,22,Incontinence Appliances,212398.0,4028511.0,5342534.050000001
202109,23,Stoma Appliances,591263.0,55227307.0,31838328.05
202109,3,Respiratory System,6270603.0,126241996.0,91655534.32
202109,4,Central Nervous System,18915538.0,1318050965.0,132684595.11
202109,5,Infections,3243459.0,120064990.0,17189169.04
202109,6,Endocrine System,10078096.0,500074870.5,131889532.63
202109,7,"Obstetrics, Gynaecology and Urinary-Tract Disorders",2675674.0,115926566.5,20639128.1
202109,8,Malignant Disease and Immunosuppression,386776.0,16053122.0,14510540.85
202109,9,Nutrition and Blood,5223205.0,2680026276.5,59694115.99
202110,1,Gastro-Intestinal System,8639016.0,673995712.0,48880790.72
202110,10,Musculoskeletal and Joint Diseases,2451552.0,161521564.0,11750029.49
202110,11,Eye,1297655.0,21590965.0,12870928.43
202110,12,"Ear, Nose and Oropharynx",848095.0,21545221.4,5483954.77
202110,13,Skin,2026031.0,360198949.41,19749548.33
202110,14,Immunological Products and Vaccines,4539981.0,4540911.0,49094722.49
202110,15,Anaesthesia,125772.0,10056136.5,1741627.73
202110,18,Preparations used in Diagnosis,15.0,10000.0,1750.0
202110,19,Other Drugs and Preparations,83880.0,49988697.0,2001404.7
202110,2,Cardiovascular System,27000168.0,952744739.0,128290157.04
202110,20,Dressings,473462.0,12395999.4,13323639.62
202110,21,Appliances,2667928.0,470773498.5,45065614.94
202110,22,Incontinence Appliances,191185.0,3642378.0,4870372.25
202110,23,Stoma Appliances,557454.0,51718660.6,30233043.02
202110,3,Respiratory System,6027850.0,116702787.0,87043740.65
202110,4,Central Nervous System,18148852.0,1263843127.0,122655719.28
202110,5,Infections,3451788.0,135646851.5,16434960.13
202110,6,Endocrine System,9735167.0,480466926.5,125291478.91
202110,7,"Obstetrics, Gynaecology and Urinary-Tract Disorders",2553585.0,109502462.5,19520420.0
202110,8,Malignant Disease and Immunosuppression,370380.0,15246640.0,13675429.49
202110,9,Nutrition and Blood,5027046.0,2531418575.0,56564100.7
202111,1,Gastro-Intestinal System,8965840.0,701298601.0,51281542.58
202111,10,Musculoskeletal and Joint Diseases,2529530.0,166668395.0,12220610.23
202111,11,Eye,1365557.0,22421386.0,13601826.08
202111,12,"Ear, Nose and Oropharynx",886970.0,22313563.2,5709524.199999999
202111,13,Skin,2145142.0,382805902.41,20784333.02
202111,14,Immunological Products and Vaccines,2703333.0,2704319.0,29186795.71
202111,15,Anaesthesia,130777.0,5952825.0,1797437.6800000002
202111,18,Preparations used in Diagnosis,8.0,4800.0,840.0
202111,19,Other Drugs and Preparations,77544.0,51927115.0,2150686.99
202111,2,Cardiovascular System,28077890.0,993999782.0,134228049.04
202111,20,Dressings,500071.0,13193830.9,14144484.83
202111,21,Appliances,2814240.0,502956305.0,46927270.28
202111,22,Incontinence Appliances,203081.0,3875153.0,5116307.7700000005
202111,23,Stoma Appliances,569747.0,53201181.1,30966074.0
202111,3,Respiratory System,6232907.0,120354038.0,90157319.14
202111,4,Central Nervous System,18817786.0,1309220244.0,128207373.86
202111,5,Infections,3562416.0,137442294.0,17133521.16
202111,6,Endocrine System,10145684.0,501624696.5,131351248.68
202111,7,"Obstetrics, Gynaecology and Urinary-Tract Disorders",2662119.0,114637950.0,20455016.01
202111,8,Malignant Disease and Immunosuppression,381184.0,15735555.0,13753590.760000002
202111,9,Nutrition and Blood,5238930.0,2633076779.5,59331543.06
202112,1,Gastro-Intestinal System,9374836.0,734808522.0,54412761.2
202112,10,Musculoskeletal and Joint Diseases,2585748.0,170354480.0,12509866.52
202112,11,Eye,1430084.0,23748869.0,14273196.99
202112,12,"Ear, Nose and Oropharynx",893689.0,21979847.4,5802950.220000001
202112,13,Skin,2087954.0,383043630.82,20444729.28
202112,14,Immunological Products and Vaccines,1495240.0,1495756.0,16198870.4
202112,15,Anaesthesia,128162.0,7824206.0,1888437.23
202112,18,Preparations used in Diagnosis,7.0,4300.0,752.5
202112,19,Other Drugs and Preparations,78656.0,52056744.0,2195676.93
202112,2,Cardiovascular System,29540480.0,1050325406.0,144750390.19
202112,20,Dressings,463015.0,12928928.5,13598310.73
202112,21,Appliances,2860695.0,514619266.5,49031166.17
202112,22,Incontinence Appliances,203666.0,3936792.0,5227486.64
202112,23,Stoma Appliances,592021.0,55291010.0,33000469.01
202112,3,Respiratory System,6556508.0,124715548.0,95432450.74
202112,4,Central Nervous System,19670233.0,1376672649.8000002,134437816.98000002
202112,5,Infections,3631367.0,138650276.0,17429373.39
202112,6,Endocrine System,10666022.0,527343609.5,139638999.69
202112,7,"Obstetrics, Gynaecology and Urinary-Tract Disorders",2748961.0,117098761.0,20569352.47
202112,8,Malignant Disease and Immunosuppression,402364.0,16634388.0,14509509.87
202112,9,Nutrition and Blood,5442994.0,2771061778.5,61724488.36
202201,1,Gastro-Intestinal System,8891457.0,694321030.0,49168674.15
202201,10,Musculoskeletal and Joint Diseases,2473513.0,162919198.0,11449589.21
202201,11,Eye,1307417.0,21951437.0,12606410.39
202201,12,"Ear, Nose and Oropharynx",860719.0,21427688.4,5980514.74
202201,13,Skin,2159650.0,388877250.0,20561421.99
202201,14,Immunological Products and Vaccines,654243.0,654792.0,7202462.279999999
202201,15,Anaesthesia,128424.0,10874718.5,1783333.33
202201,18,Preparations used in Diagnosis,10.0,7700.0,1347.5
202201,19,Other Drugs and Preparations,77232.0,49136053.0,2102235.49
202201,2,Cardiovascular System,27661020.0,977150970.0,130789508.49
202201,20,Dressings,477082.0,12704398.1,13966244.88
202201,21,Appliances,2783793.0,516805491.5,47585090.34
202201,22,Incontinence Appliances,206926.0,3926340.0,5248356.54
202201,23,Stoma Appliances,565774.0,52944051.8,30701449.1
202201,3,Respiratory System,6058388.0,118413548.0,87843870.91
202201,4,Central Nervous System,18609084.0,1290039072.6,118903565.86
202201,5,Infections,3195796.0,116009043.5,15501988.78
202201,6,Endocrine System,9981625.0,492705105.5,128721573.73
202201,7,"Obstetrics, Gynaecology and Urinary-Tract Disorders",2653412.0,114995230.0,19765684.84
202201,8,Malignant Disease and Immunosuppression,378732.0,15431431.0,13802080.16
202201,9,Nutrition and Blood,5212410.0,2636853968.5,58693193.25
202202,1,Gastro-Intestinal System,8352497.0,650358941.0,47049324.31
202202,10,Musculoskeletal and Joint Diseases,2343318.0,153798533.0,10822628.11
202202,11,Eye,1233605.0,20591290.5,11863750.8
202202,12,"Ear, Nose and Oropharynx",819405.0,20857175.3,5694877.97
202202,13,Skin,2067865.0,366517792.0,19804403.56
202202,14,Immunological Products and Vaccines,347492.0,348113.0,3892946.21
202202,15,Anaesthesia,127928.0,11777955.5,1701661.55
202202,18,Preparations used in Diagnosis,10.0,8700.0,1522.5
202202,19,Other Drugs and Preparations,72348.0,46167362.0,1942088.3
202202,2,Cardiovascular System,26014315.0,919671050.0,122999143.19
202202,20,Dressings,422771.0,11334917.5,12280038.72
202202,21,Appliances,2625810.0,486251387.5,44773976.94
202202,22,Incontinence Appliances,184453.0,3471800.0,4697165.42
202202,23,Stoma Appliances,523381.0,48522664.1,28810453.82
202202,3,Respiratory System,5599384.0,111027413.0,81663142.63
202202,4,Central Nervous System,17437547.0,1206960766.7,111136659.99
202202,5,Infections,2957813.0,112475616.0,14477524.09
202202,6,Endocrine System,9354781.0,460774578.0,121950389.12
202202,7,"Obstetrics, Gynaecology and Urinary-Tract Disorders",2480808.0,105344492.0,18761772.37
202202,8,Malignant Disease and Immunosuppression,352731.0,14373276.0,12642889.44
202202,9,Nutrition and Blood,4954069.0,2514942883.5,57093709.0
202203,1,Gastro-Intestinal System,9435025.0,732753283.0,53891483.13
202203,10,Musculoskeletal and Joint Diseases,2671873.0,175886098.0,12293563.02
202203,11,Eye,1388525.0,23096186.0,13460616.97
202203,12,"Ear, Nose and Oropharynx",963226.0,23899663.8,6673692.380000001
202203,13,Skin,2376489.0,420107890.5,22906650.42
202203,14,Immunological Products and Vaccines,339765.0,340595.0,3902431.08
202203,15,Anaesthesia,142298.0,12984960.0,1909908.95
202203,18,Preparations used in Diagnosis,8.0,5300.0,927.5
202203,19,Other Drugs and Preparations,81614.0,52526215.0,2149675.5500000003
202203,2,Cardiovascular System,29410350.0,1043197280.0,139462362.67
202203,20,Dressings,490270.0,13328861.6,14255549.66
202203,21,Appliances,2997372.0,560764814.0,50579886.83
202203,22,Incontinence Appliances,209780.0,3969143.0,5322234.49
202203,23,Stoma Appliances,606285.0,56172811.400000006,33678125.370000005
202203,3,Respiratory System,6456764.0,131833936.0,93942150.33
202203,4,Central Nervous System,19724568.0,1367013607.6,126425039.92
202203,5,Infections,3471460.0,134504482.5,16495295.79
202203,6,Endocrine System,10625893.0,522011871.0,140732410.75
202203,7,"Obstetrics, Gynaecology and Urinary-Tract Disorders",2787754.0,118373953.0,21270361.8
202203,8,Malignant Disease and Immunosuppression,395674.0,16207143.0,14073925.78
202203,9,Nutrition and Blood,5592881.0,2845066296.9,66285415.86
202204,1,Gastro-Intestinal System,8787505.0,680065463.0,49939880.29
202204,10,Musculoskeletal and Joint Diseases,2480892.0,163012856.0,11234692.77
202204,11,Eye,1308720.0,21813509.5,12507767.42
202204,12,"Ear, Nose and Oropharynx",897851.0,20675707.7,6078053.33
202204,13,Skin,2124520.0,383240463.41,20823000.700000003
202204,14,Immunological Products and Vaccines,152996.0,153455.0,1857279.92
202204,15,Anaesthesia,126476.0,10104888.0,1787761.1
202204,18,Preparations used in Diagnosis,10.0,7600.0,1330.0
202204,19,Other Drugs and Preparations,76891.0,46036037.0,1942751.6
202204,2,Cardiovascular System,27729773.0,979009864.0,130746194.64
202204,20,Dressings,442626.0,11826204.2,12817417.66
202204,21,Appliances,2743589.0,514220440.5,46098109.150000006
202204,22,Incontinence Appliances,188384.0,3546287.0,4764730.16
202204,23,Stoma Appliances,550029.0,51354079.2,29864586.0
202204,3,Respiratory System,6071014.0,126556107.0,87875291.23
202204,4,Central Nervous System,18446399.0,1277963137.4,117155656.81
202204,5,Infections,3131329.0,119022987.5,14915013.04
202204,6,Endocrine System,10047589.0,493458030.5,132689004.56
202204,7,"Obstetrics, Gynaecology and Urinary-Tract Disorders",2598126.0,109820013.0,19845052.9
202204,8,Malignant Disease and Immunosuppression,372399.0,15171260.0,13452365.829999998
202204,9,Nutrition and Blood,5218003.0,2638029051.0,60928221.79000001
202205,1,Gastro-Intestinal System,9219664.0,706132745.0,52920668.34
202205,10,Musculoskeletal and Joint Diseases,2623781.0,172308588.0,11942017.55
202205,11,Eye,1372058.0,23235855.0,13561234.82
202205,12,"Ear, Nose and Oropharynx",967001.0,22415777.5,6522656.33
202205,13,Skin,2242616.0,401038184.0,21972681.07
202205,14,Immunological Products and Vaccines,134178.0,136273.0,1754982.59
202205,15,Anaesthesia,140227.0,2037209.5,1869575.38
202205,18,Preparations used in Diagnosis,7.0,4200.0,735.0
202205,19,Other Drugs and Preparations,86604.0,51162223.0,2143550.06
202205,2,Cardiovascular System,28921755.0,1024596718.0,137191052.13
202205,20,Dressings,476619.0,12845872.7,14091206.900000002
202205,21,Appliances,2896137.0,533699442.5,50512255.94
202205,22,Incontinence Appliances,204251.0,3865192.0,5204877.21
202205,23,Stoma Appliances,595500.0,55365828.4,33242210.03
202205,3,Respiratory System,6423003.0,137954320.0,92384509.69
202205,4,Central Nervous System,19177368.0,1327699121.4,123199227.64
202205,5,Infections,3239263.0,128886553.0,15896401.84
202205,6,Endocrine System,10554770.0,519056719.5,140829740.5
202205,7,"Obstetrics, Gynaecology and Urinary-Tract Disorders",2759869.0,117783629.0,21577537.89
202205,8,Malignant Disease and Immunosuppression,388942.0,15879291.0,13881459.89
202205,9,Nutrition and Blood,5472343.0,2751584682.5,63898937.1
202206,1,Gastro-Intestinal System,8971827.0,693168286.0,53169599.45999999
202206,10,Musculoskeletal and Joint Diseases,2545624.0,167547003.0,11503942.02
202206,11,Eye,1298142.0,22016414.0,13526158.39
202206,12,"Ear, Nose and Oropharynx",983934.0,21879436.0,6601106.25
202206,13,Skin,2185252.0,389495276.41,21460484.69
202206,14,Immunological Products and Vaccines,131053.0,133046.0,1748155.0
202206,15,Anaesthesia,132413.0,1957116.5,1829710.12
202206,18,Preparations used in Diagnosis,2.0,3000.0,525.0
202206,19,Other Drugs and Preparations,80449.0,48837439.0,1976263.13
202206,2,Cardiovascular System,28093202.0,993982939.0,133447042.31
202206,20,Dressings,490880.0,12815109.9,14249318.62
202206,21,Appliances,2865749.0,523285643.5,50137223.88
202206,22,Incontinence Appliances,202488.0,3818703.0,5153043.17
202206,23,Stoma Appliances,568406.0,53120925.0,31312346.8
202206,3,Respiratory System,6455554.0,143706742.0,92888370.32
202206,4,Central Nervous System,18717956.0,1295440968.9,121205000.04
202206,5,Infections,3172995.0,127113269.5,15764457.95
202206,6,Endocrine System,10272555.0,504816442.0,139272410.22
202206,7,"Obstetrics, Gynaecology and Urinary-Tract Disorders",2674485.0,113726434.5,20883945.98
202206,8,Malignant Disease and Immunosuppression,375760.0,15248396.0,13653616.77
202206,9,Nutrition and Blood,5317374.0,2717546445.5,62586797.64
202207,1,Gastro-Intestinal System,8940238.0,689527191.0,53562479.89
202207,10,Musculoskeletal and Joint Diseases,2526067.0,166105207.0,11168325.12
202207,11,Eye,1250636.0,21612863.0,13161425.58
202207,12,"Ear, Nose and Oropharynx",961274.0,21310924.6,6513326.75
202207,13,Skin,2147687.0,382229133.41,21116115.1
202207,14,Immunological Products and Vaccines,163399.0,164446.0,2157093.02
202207,15,Anaesthesia,133729.0,10378776.0,1836743.93
202207,18,Preparations used in Diagnosis,8.0,4700.0,822.5
202207,19,Other Drugs and Preparations,98577.0,50191851.0,2130552.71
202207,2,Cardiovascular System,28102803.0,996168961.0,134023890.66
202207,20,Dressings,476850.0,12517386.3,13790935.15
202207,21,Appliances,2879697.0,512030840.5,51368645.3
202207,22,Incontinence Appliances,203890.0,3838872.0,5198723.17
202207,23,Stoma Appliances,583886.0,54166286.8,32546318.270000003
202207,3,Respiratory System,6330349.0,136470768.0,93080299.6
202207,4,Central Nervous System,18562857.0,1284982524.6,127713129.5
202207,5,Infections,3222446.0,132122949.0,17063223.33
202207,6,Endocrine System,10335650.0,511164503.0,144678791.47
202207,7,"Obstetrics, Gynaecology and Urinary-Tract Disorders",2674202.0,114165340.0,20677197.99
202207,8,Malignant Disease and Immunosuppression,378676.0,15403003.0,13728524.2
202207,9,Nutrition and Blood,5341120.0,2733068422.9,62793630.36
202208,1,Gastro-Intestinal System,9193077.0,705341203.0,54672899.12
202208,10,Musculoskeletal and Joint Diseases,2586317.0,169844210.0,11441709.09
202208,11,Eye,1255815.0,21741994.5,13416703.16
202208,12,"Ear, Nose and Oropharynx",915661.0,21224062.2,6221373.89
202208,13,Skin,2115161.0,375165078.0,21014044.08
202208,14,Immunological Products and Vaccines,105523.0,106874.0,1495465.68
202208,15,Anaesthesia,126229.0,1969968.0,1854817.02
202208,18,Preparations used in Diagnosis,9.0,6600.0,1155.0
202208,19,Other Drugs and Preparations,102281.0,50868629.0,2098291.01
202208,2,Cardiovascular System,29040492.0,1027558857.0,139544663.19
202208,20,Dressings,505849.0,13208726.8,14904888.18
202208,21,Appliances,2905231.0,510697955.5,51262208.5
202208,22,Incontinence Appliances,181084.0,3415957.0,4630281.71
202208,23,Stoma Appliances,581641.0,54522485.900000006,31448862.69
202208,3,Respiratory System,6199853.0,129851001.0,93807652.43
202208,4,Central Nervous System,19108138.0,1322123913.2,132254178.14
202208,5,Infections,3074065.0,114811110.5,17464631.91
202208,6,Endocrine System,10646028.0,524607554.5,151717310.76999998
202208,7,"Obstetrics, Gynaecology and Urinary-Tract Disorders",2749191.0,116136274.0,21278318.89
202208,8,Malignant Disease and Immunosuppression,386286.0,15695923.0,13639355.78
202208,9,Nutrition and Blood,5482206.0,2835714404.1,64670244.77
202209,1,Gastro-Intestinal System,9168531.0,705319303.0,55660831.66
202209,10,Musculoskeletal and Joint Diseases,2577682.0,169448386.0,11508521.44
202209,11,Eye,1212436.0,21359600.5,13234227.77
202209,12,"Ear, Nose and Oropharynx",875635.0,20997460.7,5978879.039999999
202209,13,Skin,2047701.0,367870248.41,20503354.130000003
202209,14,Immunological Products and Vaccines,1262023.0,1263417.0,16219906.0
202209,15,Anaesthesia,132765.0,3776211.5,1832737.36
202209,18,Preparations used in Diagnosis,3.0,3100.0,542.5
202209,19,Other Drugs and Preparations,130082.0,51188069.0,2155617.43
202209,2,Cardiovascular System,28688030.0,1017452184.0,138733752.06
202209,20,Dressings,480374.0,12696803.5,14255040.37
202209,21,Appliances,2890674.0,499751325.5,52451574.58
202209,22,Incontinence Appliances,211958.0,3930840.0,5295540.62
202209,23,Stoma Appliances,595239.0,55709887.3,33365900.57
202209,3,Respiratory System,6182194.0,126295222.0,93593940.22
202209,4,Central Nervous System,18993382.0,1307464446.6,138317683.42000002
202209,5,Infections,3129727.0,115972202.5,17626305.32
202209,6,Endocrine System,10561597.0,521693452.5,150345403.98000002
202209,7,"Obstetrics, Gynaecology and Urinary-Tract Disorders",2738129.0,115055158.0,21937895.75
202209,8,Malignant Disease and Immunosuppression,382532.0,15496342.0,13855260.28
202209,9,Nutrition and Blood,5401027.0,2783869736.4,63804932.59
202210,1,Gastro-Intestinal System,9071318.0,695133522.0,55802705.07
202210,10,Musculoskeletal and Joint Diseases,2530496.0,166427933.0,11377563.64
202210,11,Eye,1199298.0,21125287.0,13393240.19
202210,12,"Ear, Nose and Oropharynx",883402.0,21291922.4,5933398.130000001
202210,13,Skin,2053045.0,362708933.94,20571453.18
202210,14,Immunological Products and Vaccines,4690107.0,4691463.0,61078835.37
202210,15,Anaesthesia,134796.0,5978069.5,1883062.18
202210,18,Preparations used in Diagnosis,11.0,11100.0,1942.5
202210,19,Other Drugs and Preparations,115179.0,50465726.0,2170236.37
202210,2,Cardiovascular System,28367020.0,1005697299.0,136267864.46
202210,20,Dressings,445162.0,11935923.9,13435624.86
202210,21,Appliances,2883877.0,491755908.5,51968888.330000006
202210,22,Incontinence Appliances,209265.0,3918452.0,5258002.99
202210,23,Stoma Appliances,577792.0,53819319.900000006,31756571.05
202210,3,Respiratory System,6154875.0,122129633.0,96033420.09
202210,4,Central Nervous System,18818621.0,1297385852.0,135940849.23
202210,5,Infections,3507613.0,138691253.5,18692546.19
202210,6,Endocrine System,10559904.0,520415853.0,150051383.87
202210,7,"Obstetrics, Gynaecology and Urinary-Tract Disorders",2719714.0,114462861.0,22445964.78
202210,8,Malignant Disease and Immunosuppression,380492.0,15415177.0,14134749.91
202210,9,Nutrition and Blood,5382370.0,2827107715.3,64691922.53
202211,1,Gastro-Intestinal System,9295957.0,713681572.0,63292299.85
202211,10,Musculoskeletal and Joint Diseases,2584113.0,170016890.0,11606872.97
202211,11,Eye,1227676.0,21604582.5,13582640.3
202211,12,"Ear, Nose and Oropharynx",923923.0,22356787.4,6302509.09
202211,13,Skin,2159756.0,372784291.5,21425341.93
202211,14,Immunological Products and Vaccines,2352596.0,2353535.0,30385980.160000004
202211,15,Anaesthesia,141618.0,6230041.5,1900232.67
202211,18,Preparations used in Diagnosis,7.0,5000.0,875.0
202211,19,Other Drugs and Preparations,115552.0,50740703.0,2116403.13
202211,2,Cardiovascular System,29061784.0,1029767977.0,140710245.34
202211,20,Dressings,473961.0,12706964.0,14398210.48
202211,21,Appliances,2992715.0,511054038.0,53384738.13
202211,22,Incontinence Appliances,207882.0,3887545.0,5228359.91
202211,23,Stoma Appliances,587088.0,54992266.0,32161120.36
202211,3,Respiratory System,6320651.0,125417462.0,98565531.07
202211,4,Central Nervous System,19232988.0,1325191171.1999998,137118604.63
202211,5,Infections,3788956.0,160473414.5,21154717.1
202211,6,Endocrine System,10774995.0,529164473.5,151504846.76
202211,7,"Obstetrics, Gynaecology and Urinary-Tract Disorders",2775641.0,116190732.0,23415905.68
202211,8,Malignant Disease and Immunosuppression,385174.0,15654895.0,13931907.19
202211,9,Nutrition and Blood,5511452.0,2887047840.0,66449817.26
202212,1,Gastro-Intestinal System,9281481.0,713143574.0,66891835.07
202212,10,Musculoskeletal and Joint Diseases,2506566.0,164388688.0,11903079.06
202212,11,Eye,1242773.0,21749885.0,14068538.9
202212,12,"Ear, Nose and Oropharynx",928140.0,21753004.9,6378738.0600000005
202212,13,Skin,2033204.0,359799100.0,20423376.43
202212,14,Immunological Products and Vaccines,1522262.0,1523115.0,19750591.46
202212,15,Anaesthesia,132851.0,6182837.0,1914136.42
202212,18,Preparations used in Diagnosis,6.0,5300.0,927.5
202212,19,Other Drugs and Preparations,123711.0,50314976.0,2127795.89
202212,2,Cardiovascular System,29450879.0,1048585374.0,145553607.47
202212,20,Dressings,427763.0,12062446.2,13226224.86
202212,21,Appliances,2967476.0,509731891.0,53842823.3
202212,22,Incontinence Appliances,207494.0,3926638.0,5307902.140000001
202212,23,Stoma Appliances,595356.0,55937506.9,34116184.99
202212,3,Respiratory System,6628808.0,126954538.0,102553069.75
202212,4,Central Nervous System,19216997.0,1335000336.0,142823541.52
202212,5,Infections,5060373.0,228754871.5,33977394.12
202212,6,Endocrine System,11053720.0,541801621.0,154620859.97
202212,7,"Obstetrics, Gynaecology and Urinary-Tract Disorders",2730410.0,112047551.0,22467307.130000003
202212,8,Malignant Disease and Immunosuppression,388898.0,15747426.0,14160638.95
202212,9,Nutrition and Blood,5435223.0,2761188640.5,64024017.940000005
202301,1,Gastro-Intestinal System,9343744.0,715289439.0,66710886.11
202301,10,Musculoskeletal and Joint Diseases,2553680.0,167278824.0,11988268.68
202301,11,Eye,1247667.0,21787544.0,14153514.91
202301,12,"Ear, Nose and Oropharynx",957244.0,22375282.700000003,6455671.7700000005
202301,13,Skin,2198382.0,383479392.0,22140775.12
202301,14,Immunological Products and Vaccines,831450.0,832775.0,10876059.89
202301,15,Anaesthesia,145710.0,17541659.5,1930857.8
202301,18,Preparations used in Diagnosis,8.0,9000.0,1575.0
202301,19,Other Drugs and Preparations,79030.0,23322939.0,727718.8099999999
202301,2,Cardiovascular System,29120406.0,1031991586.0,143179864.64
202301,20,Dressings,468024.0,12397773.1,14020207.61
202301,21,Appliances,3049879.0,536756497.0,55386961.03
202301,22,Incontinence Appliances,223134.0,4138258.0,5697545.06
202301,23,Stoma Appliances,601455.0,56087153.3,33524331.270000003
202301,3,Respiratory System,6393075.0,126426258.0,100093631.67
202301,4,Central Nervous System,19245013.0,1326242027.0,142119212.93
202301,5,Infections,4172081.0,162447053.0,27065537.75
202301,6,Endocrine System,10877870.0,533780883.0,154153206.42
202301,7,"Obstetrics, Gynaecology and Urinary-Tract Disorders",2802335.0,119106311.5,22839383.31
202301,8,Malignant Disease and Immunosuppression,389037.0,15639091.0,14762343.49
202301,9,Nutrition and Blood,5562637.0,2962031323.9,68643461.1
202302,1,Gastro-Intestinal System,8583989.0,650930644.0,61344824.2
202302,10,Musculoskeletal and Joint Diseases,2373528.0,154770268.0,11159643.99
202302,11,Eye,1184321.0,20223035.5,13092660.06
202302,12,"Ear, Nose and Oropharynx",888775.0,20768403.9,5947437.460000001
202302,13,Skin,2067288.0,356804223.5,21363610.03
202302,14,Immunological Products and Vaccines,510533.0,511396.5,6692089.88
202302,15,Anaesthesia,136565.0,9335886.0,1776371.5499999998
202302,18,Preparations used in Diagnosis,10.0,8700.0,1522.5
202302,19,Other Drugs and Preparations,55469.0,20370231.0,630758.03
202302,2,Cardiovascular System,26959634.0,954528805.0,134187846.21
202302,20,Dressings,427315.0,11178622.4,12840819.53
202302,21,Appliances,2820135.0,496191945.0,50559692.83
202302,22,Incontinence Appliances,189885.0,3529555.0,4819297.4
202302,23,Stoma Appliances,535548.0,50166074.7,29617788.79
202302,3,Respiratory System,5821684.0,116511285.0,90683042.45
202302,4,Central Nervous System,17710779.0,1215985541.8000002,128887497.96
202302,5,Infections,3591896.0,150537026.0,23276937.8
202302,6,Endocrine System,9984820.0,490403385.5,142547389.95
202302,7,"Obstetrics, Gynaecology and Urinary-Tract Disorders",2574162.0,107890493.0,21079063.68
202302,8,Malignant Disease and Immunosuppression,354762.0,14282703.0,13460673.75
202302,9,Nutrition and Blood,5161809.0,2735038116.3,65069579.76
202303,1,Gastro-Intestinal System,9795798.0,748633144.0,69029581.02000001
202303,10,Musculoskeletal and Joint Diseases,2708036.0,176713833.0,12594612.3
202303,11,Eye,1343657.0,22553299.0,15263717.759999998
202303,12,"Ear, Nose and Oropharynx",1009925.0,23530126.700000003,6643726.600000001
202303,13,Skin,2347731.0,408322903.5,24159855.26
202303,14,Immunological Products and Vaccines,369765.0,370498.0,4820158.87
202303,15,Anaesthesia,154664.0,11806772.0,2033203.64
202303,18,Preparations used in Diagnosis,6.0,5500.0,962.5
202303,19,Other Drugs and Preparations,55076.0,23211422.0,659915.99
202303,2,Cardiovascular System,30817001.0,1093539945.0,154276520.36
202303,20,Dressings,479533.0,12807866.2,14354340.33
202303,21,Appliances,3202170.0,567713119.0,58677771.77
202303,22,Incontinence Appliances,224567.0,4155911.0,5734441.39
202303,23,Stoma Appliances,633553.0,58744302.7,35472685.37
202303,3,Respiratory System,6598685.0,134111523.5,103863745.61
202303,4,Central Nervous System,20193428.0,1382165904.8,146851230.82
202303,5,Infections,3917294.0,162750356.5,25884091.77
202303,6,Endocrine System,11401092.0,561289513.0,162954910.12
202303,7,"Obstetrics, Gynaecology and Urinary-Tract Disorders",2920517.0,121541163.0,23696545.84
202303,8,Malignant Disease and Immunosuppression,402762.0,16249716.0,14946381.09
202303,9,Nutrition and Blood,5880590.0,3103630121.8,74614480.32
202304,1,Gastro-Intestinal System,8778625.0,669171579.0,60927633.7
202304,10,Musculoskeletal and Joint Diseases,2412950.0,157310280.0,11097672.44
202304,11,Eye,1232946.0,21540664.0,13533041.52
202304,12,"Ear, Nose and Oropharynx",902688.0,19357525.9,6010754.760000001
202304,13,Skin,2036373.0,358074405.5,21146805.9
202304,14,Immunological Products and Vaccines,186939.0,187745.0,2510741.35
202304,15,Anaesthesia,127215.0,1909493.0,1790645.53
202304,18,Preparations used in Diagnosis,10.0,11900.0,2082.5
202304,19,Other Drugs and Preparations,60277.0,21263034.0,614072.25
202304,2,Cardiovascular System,27808742.0,985703731.0,139647123.92000002
202304,20,Dressings,408695.0,11099068.8,12529290.05
202304,21,Appliances,2818132.0,507401585.5,52240515.25
202304,22,Incontinence Appliances,188278.0,3480243.0,4839382.19
202304,23,Stoma Appliances,553267.0,51492781.8,30705177.48
202304,3,Respiratory System,5945948.0,125425350.0,92630983.84
202304,4,Central Nervous System,18080374.0,1239188506.8,129356735.18
202304,5,Infections,3162696.0,123435344.0,20599131.88
202304,6,Endocrine System,10274595.0,505939795.5,147807075.31
202304,7,"Obstetrics, Gynaecology and Urinary-Tract Disorders",2606689.0,108013703.0,20376132.23
202304,8,Malignant Disease and Immunosuppression,362610.0,14561977.0,13473769.45
202304,9,Nutrition and Blood,5247815.0,2696876062.0,64865641.54
202305,1,Gastro-Intestinal System,9373406.0,704084256.0,64894761.38
202305,10,Musculoskeletal and Joint Diseases,2621073.0,171104701.0,12108292.76
202305,11,Eye,1315104.0,23066244.5,14624885.36
202305,12,"Ear, Nose and Oropharynx",1000325.0,21673319.3,6649797.08
202305,13,Skin,2254742.0,394042121.0,23647629.02
202305,14,Immunological Products and Vaccines,192502.0,193574.0,2652429.8
202305,15,Anaesthesia,143181.0,22476416.0,1949487.71
202305,18,Preparations used in Diagnosis,7.0,9200.0,1610.0
202305,19,Other Drugs and Preparations,68046.0,23208674.0,756285.5900000001
202305,2,Cardiovascular System,29776565.0,1059245681.0,152289892.79
202305,20,Dressings,451521.0,12195197.6,13931831.9
202305,21,Appliances,3042137.0,551832371.0,56933721.900000006
202305,22,Incontinence Appliances,210741.0,3880791.0,5383565.53
202305,23,Stoma Appliances,610242.0,57089884.4,33959529.99
202305,3,Respiratory System,6467007.0,141869669.0,100629068.23
202305,4,Central Nervous System,19344729.0,1327487355.0,139270234.73000002
202305,5,Infections,3335026.0,130913117.0,21721304.69
202305,6,Endocrine System,11000568.0,542446334.0,158962286.77
202305,7,"Obstetrics, Gynaecology and Urinary-Tract Disorders",2808431.0,116837539.0,22146759.82
202305,8,Malignant Disease and Immunosuppression,387656.0,15614085.0,14498947.71
202305,9,Nutrition and Blood,5633283.0,2905241731.9,70886723.3
202306,1,Gastro-Intestinal System,9542762.0,716377949.0,66717444.95
202306,10,Musculoskeletal and Joint Diseases,2700716.0,175920240.0,12529036.91
202306,11,Eye,1402195.0,24445912.5,15031015.77
202306,12,"Ear, Nose and Oropharynx",1093351.0,22361428.0,7278459.859999999
202306,13,Skin,2357191.0,407632713.5,24347690.81
202306,14,Immunological Products and Vaccines,181959.0,183121.0,2509570.64
202306,15,Anaesthesia,147032.0,5704631.5,1957234.89
202306,18,Preparations used in Diagnosis,10.0,8600.0,1505.0
202306,19,Other Drugs and Preparations,75974.0,24424921.0,774113.5900000001
202306,2,Cardiovascular System,30210729.0,1071057770.0,154334316.34
202306,20,Dressings,496673.0,12958845.7,15056454.76
202306,21,Appliances,3195872.0,574513205.0,60205946.02
202306,22,Incontinence Appliances,218629.0,4015306.0,5596532.94
202306,23,Stoma Appliances,631050.0,58861654.8,34981510.84
202306,3,Respiratory System,6865928.0,156757150.0,102819560.78
202306,4,Central Nervous System,19633478.0,1341348467.9,140892507.04000002
202306,5,Infections,3266576.0,124895024.5,21403868.04
202306,6,Endocrine System,11191128.0,548493291.0,162017869.72
202306,7,"Obstetrics, Gynaecology and Urinary-Tract Disorders",2875672.0,119870912.0,22932975.02
202306,8,Malignant Disease and Immunosuppression,391119.0,15686953.0,15935156.010000002
202306,9,Nutrition and Blood,5761532.0,3082344910.7,74167893.5
202307,1,Gastro-Intestinal System,9326635.0,704115662.0,65741303.91
202307,10,Musculoskeletal and Joint Diseases,2614072.0,170195838.0,11701313.78
202307,11,Eye,1273705.0,22698214.0,14096698.84
202307,12,"Ear, Nose and Oropharynx",948518.0,21262029.8,6472797.18
202307,13,Skin,2186162.0,380118427.0,22989119.78
202307,14,Immunological Products and Vaccines,160075.0,161460.0,2195586.19
202307,15,Anaesthesia,140221.0,2004234.0,1839956.74
202307,18,Preparations used in Diagnosis,10.0,8000.0,1400.0
202307,19,Other Drugs and Preparations,72848.0,22895568.0,768573.3200000001
202307,2,Cardiovascular System,29406961.0,1044615533.0,154146365.09
202307,20,Dressings,477606.0,12682756.5,14522901.96
202307,21,Appliances,3035511.0,533112763.0,58844992.35
202307,22,Incontinence Appliances,210551.0,3868390.0,5363870.27
202307,23,Stoma Appliances,614848.0,57651682.7,33715390.980000004
202307,3,Respiratory System,6329857.0,137714885.0,98471779.27
202307,4,Central Nervous System,19113595.0,1304268987.4,134083729.57
202307,5,Infections,3191162.0,122466610.5,20934696.03
202307,6,Endocrine System,11093300.0,549985629.5,157106261.54
202307,7,"Obstetrics, Gynaecology and Urinary-Tract Disorders",2804785.0,116228360.0,21858840.44
202307,8,Malignant Disease and Immunosuppression,384194.0,15543803.0,15185603.94
202307,9,Nutrition and Blood,5612569.0,2954628170.4,70686597.68
202308,1,Gastro-Intestinal System,9548419.0,712832380.0,66741653.760000005
202308,10,Musculoskeletal and Joint Diseases,2655529.0,172963728.0,11768126.670000002
202308,11,Eye,1253522.0,22549294.0,14169829.77
202308,12,"Ear, Nose and Oropharynx",940728.0,21087787.9,6315767.98
202308,13,Skin,2187975.0,374777816.5,23379368.17
202308,14,Immunological Products and Vaccines,141741.0,143768.0,1979357.74
202308,15,Anaesthesia,132100.0,3849926.5,1914349.32
202308,18,Preparations used in Diagnosis,9.0,9000.0,1575.0
202308,19,Other Drugs and Preparations,73813.0,22708637.0,800291.3300000001
202308,2,Cardiovascular System,30373379.0,1075692027.0,159519880.32
202308,20,Dressings,480270.0,12621711.1,14636251.13
202308,21,Appliances,3030423.0,526964504.0,59385813.78
202308,22,Incontinence Appliances,214638.0,3962665.0,5432462.12
202308,23,Stoma Appliances,631551.0,59086679.8,34764335.17
202308,3,Respiratory System,6277116.0,133753846.0,99721206.8
202308,4,Central Nervous System,19565588.0,1334242097.9,135834674.09
202308,5,Infections,3200720.0,113263878.0,20318435.2
202308,6,Endocrine System,11242441.0,552971736.0,156903234.33
202308,7,"Obstetrics, Gynaecology and Urinary-Tract Disorders",2855270.0,116627102.0,21719760.63
202308,8,Malignant Disease and Immunosuppression,390263.0,15602313.0,15132393.81
202308,9,Nutrition and Blood,5721856.0,3043124857.8,72090762.02
202309,1,Gastro-Intestinal System,9326189.0,691835697.0,65493009.38
202309,10,Musculoskeletal and Joint Diseases,2612537.0,170346863.0,11585346.99
202309,11,Eye,1240132.0,22418111.5,13787263.21
202309,12,"Ear, Nose and Oropharynx",897701.0,20905279.3,6068985.75
202309,13,Skin,2189805.0,376334298.5,23335370.7
202309,14,Immunological Products and Vaccines,2601949.0,2603385.0,34445203.42
202309,15,Anaesthesia,139366.0,9247383.5,1895506.74
202309,18,Preparations used in Diagnosis,12.0,9900.0,1732.5
202309,19,Other Drugs and Preparations,54772.0,22437612.0,740739.84
202309,2,Cardiovascular System,29630144.0,1053279650.0,154070667.64
202309,20,Dressings,472634.0,12410688.3,14548033.64
202309,21,Appliances,3058536.0,528366731.0,59814946.81
202309,22,Incontinence Appliances,209602.0,3846706.0,5330791.2
202309,23,Stoma Appliances,621562.0,58432734.3,34331430.95
202309,3,Respiratory System,6221326.0,131686556.0,99428916.35
202309,4,Central Nervous System,19127396.0,1301059079.6,134267117.83
202309,5,Infections,3145389.0,114243614.5,19977960.26
202309,6,Endocrine System,11037624.0,544668921.0,155225844.05
202309,7,"Obstetrics, Gynaecology and Urinary-Tract Disorders",2807640.0,114937278.0,21584002.65
202309,8,Malignant Disease and Immunosuppression,381245.0,15301912.0,14700116.58
202309,9,Nutrition and Blood,5615900.0,3039286328.9,71810246.86
202310,1,Gastro-Intestinal System,9522012.0,724739456.0,64998507.66
202310,10,Musculoskeletal and Joint Diseases,2627381.0,171447471.0,11167788.1
202310,11,Eye,1280408.0,22968467.5,13529737.24
202310,12,"Ear, Nose and Oropharynx",931276.0,21424692.1,6399326.65
202310,13,Skin,2182539.0,376645065.0,23440783.82
202310,14,Immunological Products and Vaccines,4331561.0,4332942.0,57263302.02
202310,15,Anaesthesia,143330.0,9517273.0,1942728.47
202310,18,Preparations used in Diagnosis,13.0,13200.0,2310.0
202310,19,Other Drugs and Preparations,59516.0,21960370.0,772428.67
202310,2,Cardiovascular System,30105101.0,1065668629.0,133035734.75
202310,20,Dressings,466819.0,12141094.4,14541001.55
202310,21,Appliances,3112573.0,531110546.0,59153612.760000005
202310,22,Incontinence Appliances,201860.0,3684242.0,5067237.22
202310,23,Stoma Appliances,591206.0,56043575.900000006,31520850.83
202310,3,Respiratory System,6367887.0,129924596.0,99447394.99
202310,4,Central Nervous System,19462740.0,1326472232.4,133744678.92
202310,5,Infections,3524250.0,134615714.5,20204231.36
202310,6,Endocrine System,11259081.0,553250070.0,156194894.85
202310,7,"Obstetrics, Gynaecology and Urinary-Tract Disorders",2842465.0,115174153.0,21861622.35
202310,8,Malignant Disease and Immunosuppression,385981.0,15451000.0,14818465.39
202310,9,Nutrition and Blood,5694074.0,2993485072.0,70927140.92
202311,1,Gastro-Intestinal System,9600049.0,734137051.0,65034259.71
202311,10,Musculoskeletal and Joint Diseases,2633439.0,172548684.0,11241858.37
202311,11,Eye,1296277.0,23663192.0,14272512.11
202311,12,"Ear, Nose and Oropharynx",920713.0,21360473.0,6287671.6
202311,13,Skin,2225261.0,383272784.0,23739875.09
202311,14,Immunological Products and Vaccines,1474555.0,1475814.0,19422763.25
202311,15,Anaesthesia,148082.0,2124685.5,1966816.37
202311,18,Preparations used in Diagnosis,9.0,9400.0,1645.0
202311,19,Other Drugs and Preparations,53701.0,22476508.0,714871.41
202311,2,Cardiovascular System,30392913.0,1075391982.0,133896130.45
202311,20,Dressings,465560.0,12464168.7,14714059.260000002
202311,21,Appliances,3230192.0,551296995.0,62867335.23
202311,22,Incontinence Appliances,219706.0,4051740.0,5554017.29
202311,23,Stoma Appliances,637041.0,60205122.9,35473943.28
202311,3,Respiratory System,6482688.0,129910485.0,100060120.91
202311,4,Central Nervous System,19606586.0,1333751510.6,134857807.13
202311,5,Infections,3733362.0,150576858.5,21202822.29
202311,6,Endocrine System,11393574.0,558111673.5,158639287.39
202311,7,"Obstetrics, Gynaecology and Urinary-Tract Disorders",2875294.0,117055136.0,22203417.02
202311,8,Malignant Disease and Immunosuppression,386846.0,15505095.0,14430987.99
202311,9,Nutrition and Blood,5749091.0,3057643123.8,72334588.96000001
202312,1,Gastro-Intestinal System,9516458.0,726571481.0,65194416.60000001
202312,10,Musculoskeletal and Joint Diseases,2558480.0,166863427.0,11049940.78
202312,11,Eye,1278744.0,23292403.0,13749155.07
202312,12,"Ear, Nose and Oropharynx",905247.0,20708905.4,6444317.7
202312,13,Skin,2073042.0,366910819.5,22318417.4
202312,14,Immunological Products and Vaccines,882267.0,883268.0,11629513.34
202312,15,Anaesthesia,139683.0,3892223.5,2001875.6
202312,18,Preparations used in Diagnosis,11.0,9200.0,1610.0
202312,19,Other Drugs and Preparations,59809.0,22418771.0,887891.37
202312,2,Cardiovascular System,30376699.0,1080171909.0,137384155.52
202312,20,Dressings,412850.0,11587840.2,13484761.29
202312,21,Appliances,3110779.0,534876973.5,62775765.99
202312,22,Incontinence Appliances,213596.0,3986380.0,5525038.42
202312,23,Stoma Appliances,645472.0,60674176.6,37338991.11
202312,3,Respiratory System,6482048.0,129066986.5,101312884.72
202312,4,Central Nervous System,19455529.0,1332297304.0,136356494.27
202312,5,Infections,3917602.0,160530838.5,21777788.12
202312,6,Endocrine System,11369845.0,556945895.0,156997747.41
202312,7,"Obstetrics, Gynaecology and Urinary-Tract Disorders",2823134.0,113723695.0,21323028.99
202312,8,Malignant Disease and Immunosuppression,387898.0,15643697.0,14636756.72
202312,9,Nutrition and Blood,5654127.0,2955273061.3,70499141.81
202401,1,Gastro-Intestinal System,9863003.0,753159207.0,64637859.63
202401,10,Musculoskeletal and Joint Diseases,2674223.0,175077715.0,11459063.57
202401,11,Eye,1319584.0,23998954.0,14458282.87
202401,12,"Ear, Nose and Oropharynx",961168.0,21673471.6,7907057.800000001
202401,13,Skin,2355538.0,404481991.32,25218962.07
202401,14,Immunological Products and Vaccines,532256.0,533524.0,7127084.71
202401,15,Anaesthesia,154105.0,4025693.5,2058044.25
202401,18,Preparations used in Diagnosis,6.0,4700.0,822.5
202401,19,Other Drugs and Preparations,59153.0,23188131.0,824158.94
202401,2,Cardiovascular System,31134497.0,1102136728.0,132453521.93
202401,20,Dressings,480010.0,12648479.5,15220326.07
202401,21,Appliances,3332612.0,596130975.5,64311851.38
202401,22,Incontinence Appliances,223344.0,4102397.0,5635991.800000001
202401,23,Stoma Appliances,648100.0,61547324.9,35356515.5
202401,3,Respiratory System,6625795.0,134411419.0,103155865.51
202401,4,Central Nervous System,20067650.0,1362977141.8,139267560.34
202401,5,Infections,4081250.0,158987450.5,21564281.68
202401,6,Endocrine System,11676056.0,572212002.0,158187904.6
202401,7,"Obstetrics, Gynaecology and Urinary-Tract Disorders",2959468.0,120303101.0,22997325.3
202401,8,Malignant Disease and Immunosuppression,396897.0,15708410.0,15392013.28
202401,9,Nutrition and Blood,5882190.0,3117787808.9,74674789.59
202402,1,Gastro-Intestinal System,9253106.0,699823261.0,60023799.06
202402,10,Musculoskeletal and Joint Diseases,2522916.0,164655883.0,11225757.84
202402,11,Eye,1248908.0,22622436.0,13558922.53
202402,12,"Ear, Nose and Oropharynx",937897.0,20569920.7,7793632.73
202402,13,Skin,2201702.0,374143599.82,24073680.48
202402,14,Immunological Products and Vaccines,350459.0,351661.0,4726273.220000001
202402,15,Anaesthesia,152535.0,13387742.5,1935315.69
202402,18,Preparations used in Diagnosis,8.0,8500.0,1487.5
202402,19,Other Drugs and Preparations,56094.0,21582533.0,838995.7999999999
202402,2,Cardiovascular System,29422963.0,1038786610.0,124353992.03
202402,20,Dressings,435545.0,11521663.1,13815580.76
202402,21,Appliances,3124137.0,546989885.5,60955502.17
202402,22,Incontinence Appliances,205501.0,3767104.0,5207764.37
202402,23,Stoma Appliances,606286.0,57340890.9,32995649.28
202402,3,Respiratory System,6161789.0,126522400.0,96503412.48
202402,4,Central Nervous System,18857738.0,1276977077.0,131002964.93
202402,5,Infections,3761025.0,154747106.5,20707538.84
202402,6,Endocrine System,10969079.0,536638062.0,150156498.84
202402,7,"Obstetrics, Gynaecology and Urinary-Tract Disorders",2782826.0,112048788.0,21655240.1
202402,8,Malignant Disease and Immunosuppression,370228.0,14718835.0,14254138.83
202402,9,Nutrition and Blood,5578557.0,2954412688.1,72740560.17999999
202403,1,Gastro-Intestinal System,9394425.0,711317678.0,61446032.89
202403,10,Musculoskeletal and Joint Diseases,2567872.0,167122085.0,11421264.17
202403,11,Eye,1280785.0,23388641.0,14023387.74
202403,12,"Ear, Nose and Oropharynx",963802.0,20665674.200000003,7962739.07
202403,13,Skin,2249333.0,383444385.94,24350745.26
202403,14,Immunological Products and Vaccines,307591.0,308539.0,4148199.2
202403,15,Anaesthesia,150921.0,23804205.5,1958036.78
202403,18,Preparations used in Diagnosis,7.0,7600.0,1330.0
202403,19,Other Drugs and Preparations,62325.0,21536853.0,933219.88
202403,2,Cardiovascular System,30080208.0,1064338863.0,126790281.99
202403,20,Dressings,416137.0,11158973.9,13305906.43
202403,21,Appliances,3166781.0,557074756.0,62112040.69
202403,22,Incontinence Appliances,208964.0,3814130.0,5298815.53
202403,23,Stoma Appliances,605485.0,56929071.8,33170945.93
202403,3,Respiratory System,6302746.0,131903674.0,98565182.48
202403,4,Central Nervous System,19139025.0,1293582447.8,132267579.91
202403,5,Infections,3761175.0,159592161.0,20552569.22
202403,6,Endocrine System,11204480.0,548655656.5,155223600.66
202403,7,"Obstetrics, Gynaecology and Urinary-Tract Disorders",2809152.0,112985295.0,21923440.94
202403,8,Malignant Disease and Immunosuppression,375507.0,14984626.0,14364170.11
202403,9,Nutrition and Blood,5667920.0,2923631717.5,72422467.13
202404,1,Gastro-Intestinal System,9755206.0,740142027.0,61780804.67999999
202404,10,Musculoskeletal and Joint Diseases,2670761.0,174066633.0,11448079.26
202404,11,Eye,1321795.0,24299790.5,14253843.52
202404,12,"Ear, Nose and Oropharynx",997196.0,20719161.1,8410675.129999999
202404,13,Skin,2356852.0,403194789.0,25787137.19
202404,14,Immunological Products and Vaccines,212654.0,213708.5,2925020.38
202404,15,Anaesthesia,150280.0,7816449.0,2096169.25
202404,18,Preparations used in Diagnosis,5.0,6000.0,1050.0
202404,19,Other Drugs and Preparations,60763.0,23295978.0,975141.5
202404,2,Cardiovascular System,31179304.0,1101678223.0,125014926.61
202404,20,Dressings,452653.0,12182500.5,14511599.8
202404,21,Appliances,3314712.0,592483359.0,65966844.45
202404,22,Incontinence Appliances,219743.0,4038297.0,5562221.48
202404,23,Stoma Appliances,656501.0,61760255.7,36624322.07
202404,3,Respiratory System,6553299.0,141701610.0,101558422.49
202404,4,Central Nervous System,19773464.0,1340274460.8000002,138473276.25
202404,5,Infections,3678548.0,143141530.5,20067930.05
202404,6,Endocrine System,11613203.0,568535415.0,161601020.11
202404,7,"Obstetrics, Gynaecology and Urinary-Tract Disorders",2923043.0,117341967.0,22307811.47
202404,8,Malignant Disease and Immunosuppression,388989.0,15443460.0,15001055.33
202404,9,Nutrition and Blood,5863488.0,3014921870.3,74682354.54
202405,1,Gastro-Intestinal System,9949270.0,749788496.0,63159011.8
202405,10,Musculoskeletal and Joint Diseases,2747294.0,178784323.0,11762030.44
202405,11,Eye,1351887.0,24978558.5,14807216.55
202405,12,"Ear, Nose and Oropharynx",1019421.0,21220330.7,8757948.0
202405,13,Skin,2363596.0,405365050.0,26197391.18
202405,14,Immunological Products and Vaccines,185438.0,186648.0,2605917.66
202405,15,Anaesthesia,154345.0,13411373.5,2147443.62
202405,18,Preparations used in Diagnosis,9.0,11700.0,2047.5
202405,19,Other Drugs and Preparations,53957.0,22104426.0,817358.08
202405,2,Cardiovascular System,31953447.0,1131895357.0,127778706.63
202405,20,Dressings,460672.0,12188780.4,14757135.65
202405,21,Appliances,3391986.0,601022388.5,67377217.75999999
202405,22,Incontinence Appliances,219752.0,4029861.0,5529000.45
202405,23,Stoma Appliances,630201.0,59884715.8,33568711.77
202405,3,Respiratory System,6773761.0,150511670.0,104302587.45
202405,4,Central Nervous System,20245920.0,1370955072.8,142302731.65
202405,5,Infections,3607151.0,141238246.5,21750363.08
202405,6,Endocrine System,11891007.0,582907391.5,166965553.07
202405,7,"Obstetrics, Gynaecology and Urinary-Tract Disorders",2985191.0,119474434.0,23000455.56
202405,8,Malignant Disease and Immunosuppression,397175.0,15752385.0,15159920.86
202405,9,Nutrition and Blood,6008374.0,3161128162.8,79142053.87
202406,1,Gastro-Intestinal System,9314406.0,700896121.0,59720224.82
202406,10,Musculoskeletal and Joint Diseases,2580202.0,167746496.0,11089602.2
202406,11,Eye,1301621.0,23900236.5,14019189.64
202406,12,"Ear, Nose and Oropharynx",1024679.0,20159332.9,9114145.81
202406,13,Skin,2235909.0,383270491.0,25103175.67
202406,14,Immunological Products and Vaccines,157787.0,159208.0,2291521.19
202406,15,Anaesthesia,148686.0,16884824.5,2010208.16
202406,18,Preparations used in Diagnosis,7.0,9500.0,1662.5
202406,19,Other Drugs and Preparations,47679.0,20980715.0,710432.64
202406,2,Cardiovascular System,29793623.0,1051862660.0,118928365.55
202406,20,Dressings,445275.0,11694591.6,14006731.8
202406,21,Appliances,3201443.0,568394236.5,64529986.18000001
202406,22,Incontinence Appliances,209522.0,3825649.0,5307795.0
202406,23,Stoma Appliances,617445.0,58500577.8,33970605.82
202406,3,Respiratory System,6459444.0,148784451.0,98210288.98
202406,4,Central Nervous System,18867756.0,1276590471.4,136276268.15
202406,5,Infections,3264904.0,124348820.5,20638762.29
202406,6,Endocrine System,11157137.0,545291430.5,159227816.7
202406,7,"Obstetrics, Gynaecology and Urinary-Tract Disorders",2799481.0,112254573.0,21763416.4
202406,8,Malignant Disease and Immunosuppression,370789.0,14663477.0,14688024.24
202406,9,Nutrition and Blood,5672256.0,2939062520.5,73371937.09
202407,1,Gastro-Intestinal System,10152013.0,762232822.0,66156727.32000001
202407,10,Musculoskeletal and Joint Diseases,2799772.0,182472993.0,12124115.49
202407,11,Eye,1367945.0,25506158.0,14925458.38
202407,12,"Ear, Nose and Oropharynx",1041201.0,21398206.4,9582516.73
202407,13,Skin,2358980.0,408203382.0,27901341.15
202407,14,Immunological Products and Vaccines,184021.0,185261.0,2577873.66
202407,15,Anaesthesia,153833.0,2296225.0,2154397.24
202407,18,Preparations used in Diagnosis,7.0,10500.0,1837.5
202407,19,Other Drugs and Preparations,50940.0,22810172.0,820541.84
202407,2,Cardiovascular System,32536091.0,1150069763.0,135403627.57
202407,20,Dressings,490495.0,12958265.8,15634136.96
202407,21,Appliances,3453803.0,604084162.5,70898239.2
202407,22,Incontinence Appliances,229647.0,4219851.0,5821712.67
202407,23,Stoma Appliances,686832.0,64883099.8,37696820.34
202407,3,Respiratory System,6843568.0,153638548.0,106204274.83
202407,4,Central Nervous System,20563051.0,1392058718.6,151946947.1
202407,5,Infections,3482579.0,130098878.5,21733557.47
202407,6,Endocrine System,12210860.0,596875244.0,178223845.0
202407,7,"Obstetrics, Gynaecology and Urinary-Tract Disorders",3040523.0,121113806.0,23636402.28
202407,8,Malignant Disease and Immunosuppression,402307.0,15926244.0,15322045.66
202407,9,Nutrition and Blood,6158314.0,3287207202.7000003,81845813.71000001
202408,1,Gastro-Intestinal System,9776394.0,730814373.0,62942848.89
202408,10,Musculoskeletal and Joint Diseases,2681453.0,174465889.0,11478296.57
202408,11,Eye,1296807.0,24322135.5,14228635.09
202408,12,"Ear, Nose and Oropharynx",945493.0,19563658.2,7855487.800000001
202408,13,Skin,2235449.0,384895026.0,26459345.27
202408,14,Immunological Products and Vaccines,143335.0,144483.0,2053046.52
202408,15,Anaesthesia,136910.0,2163325.0,2057099.12
202408,18,Preparations used in Diagnosis,11.0,17100.0,2992.5
202408,19,Other Drugs and Preparations,52313.0,21533031.0,837284.81
202408,2,Cardiovascular System,31505632.0,1111830963.0,136153946.96
202408,20,Dressings,467650.0,12232695.0,14845288.32
202408,21,Appliances,3274178.0,565512726.5,68520522.09
202408,22,Incontinence Appliances,222412.0,4047824.0,5612625.46
202408,23,Stoma Appliances,653524.0,62414911.9,35973002.35
202408,3,Respiratory System,6360981.0,140045279.0,101053410.15
202408,4,Central Nervous System,19744162.0,1335057786.0,141968856.41
202408,5,Infections,3076379.0,107818819.5,19856052.59
202408,6,Endocrine System,11723568.0,570810638.5,173479772.55
202408,7,"Obstetrics, Gynaecology and Urinary-Tract Disorders",2926258.0,115329993.0,22249697.76
202408,8,Malignant Disease and Immunosuppression,387103.0,15228542.0,14736685.71
202408,9,Nutrition and Blood,5911397.0,3164452213.4,78209859.58
202409,1,Gastro-Intestinal System,9586858.0,717221143.0,61887252.95
202409,10,Musculoskeletal and Joint Diseases,2643028.0,172087980.0,11667322.18
202409,11,Eye,1237037.0,23443238.0,13671487.2
202409,12,"Ear, Nose and Oropharynx",910319.0,19611979.8,7478824.47
202409,13,Skin,2170395.0,374611148.0,26050022.94
202409,14,Immunological Products and Vaccines,199519.0,201372.5,2823499.81
202409,15,Anaesthesia,143447.0,2086559.0,2025496.28
202409,18,Preparations used in Diagnosis,8.0,6100.0,1067.5
202409,19,Other Drugs and Preparations,48611.0,20877122.0,808974.87
202409,2,Cardiovascular System,30642542.0,1081301236.0,115784381.04
202409,20,Dressings,462391.0,11962858.8,14831742.34
202409,21,Appliances,3232197.0,553960384.5,67412722.28
202409,22,Incontinence Appliances,220692.0,4027850.0,5579561.87
202409,23,Stoma Appliances,648249.0,61391172.2,35966345.6
202409,3,Respiratory System,6286289.0,134918873.0,100919448.53
202409,4,Central Nervous System,19339534.0,1301432751.6,138114282.98
202409,5,Infections,3158069.0,112278654.5,19546136.66
202409,6,Endocrine System,11480175.0,559332385.0,170108307.38
202409,7,"Obstetrics, Gynaecology and Urinary-Tract Disorders",2869384.0,112951044.0,22217366.78
202409,8,Malignant Disease and Immunosuppression,376042.0,14844497.0,14370197.41
202409,9,Nutrition and Blood,5780311.0,3003150241.5,74677575.14
202410,1,Gastro-Intestinal System,10181277.0,765065386.0,65502264.20999999
202410,10,Musculoskeletal and Joint Diseases,2777502.0,180870650.0,12210607.09
202410,11,Eye,1306424.0,24853494.5,14488646.41
202410,12,"Ear, Nose and Oropharynx",980229.0,21164819.7,8479969.4
202410,13,Skin,2315867.0,394588378.0,27513550.35
202410,14,Immunological Products and Vaccines,5270347.0,5274670.0,71053875.33
202410,15,Anaesthesia,156263.0,4097167.0,2131949.39
202410,18,Preparations used in Diagnosis,7.0,6700.0,1172.5
202410,19,Other Drugs and Preparations,53355.0,22160481.0,950637.08
202410,2,Cardiovascular System,32534187.0,1147430001.0,111119177.55
202410,20,Dressings,476720.0,12541183.6,15469981.39
202410,21,Appliances,3436771.0,585391753.5,72452080.63
202410,22,Incontinence Appliances,238148.0,4331063.0,6008706.08
202410,23,Stoma Appliances,698275.0,65724691.2,39122126.48
202410,3,Respiratory System,6664063.0,139020815.0,104938024.23
202410,4,Central Nervous System,20570661.0,1383319329.4,145018458.72
202410,5,Infections,3661423.0,133673322.0,20445055.73
202410,6,Endocrine System,12232615.0,592296388.0,180597050.38
202410,7,"Obstetrics, Gynaecology and Urinary-Tract Disorders",3026085.0,117759373.0,23910467.880000003
202410,8,Malignant Disease and Immunosuppression,398152.0,15640096.0,15324904.77
202410,9,Nutrition and Blood,6156501.0,3218634276.3,78964456.63
202411,1,Gastro-Intestinal System,9743683.0,730699777.0,63037670.6
202411,10,Musculoskeletal and Joint Diseases,2624948.0,171088524.0,11560064.57
202411,11,Eye,1245868.0,23807108.0,14004506.11
202411,12,"Ear, Nose and Oropharynx",941446.0,20478701.2,8165858.26
202411,13,Skin,2241745.0,380887136.5,26467360.42
202411,14,Immunological Products and Vaccines,1763313.0,1765093.0,23707649.55
202411,15,Anaesthesia,145169.0,5690889.5,1985697.11
202411,18,Preparations used in Diagnosis,7.0,10000.0,1750.0
202411,19,Other Drugs and Preparations,48247.0,21309608.0,880374.4299999999
202411,2,Cardiovascular System,31235621.0,1102043763.0,105008122.52
202411,20,Dressings,440683.0,11935418.8,14585831.079999998
202411,21,Appliances,3318160.0,571085622.5,69903776.1
202411,22,Incontinence Appliances,216796.0,3971387.0,5516419.28
202411,23,Stoma Appliances,649867.0,61723403.9,37022198.17
202411,3,Respiratory System,6382214.0,132238070.0,100087125.9
202411,4,Central Nervous System,19621517.0,1314753522.0,139308097.16
202411,5,Infections,3646816.0,139940713.5,19716477.48
202411,6,Endocrine System,11749660.0,566804588.5,174258891.45
202411,7,"Obstetrics, Gynaecology and Urinary-Tract Disorders",2899920.0,112965028.5,23095254.16
202411,8,Malignant Disease and Immunosuppression,378834.0,14958917.0,14409855.0
202411,9,Nutrition and Blood,5878184.0,3030008717.7,74873654.13
202412,1,Gastro-Intestinal System,10005785.0,750815848.0,64698283.16
202412,10,Musculoskeletal and Joint Diseases,2652964.0,172919034.0,12211503.72
202412,11,Eye,1283230.0,24520645.5,14379724.98
202412,12,"Ear, Nose and Oropharynx",961587.0,20327845.7,8322958.909999999
202412,13,Skin,2131543.0,373125824.5,25127806.4
202412,14,Immunological Products and Vaccines,1127336.0,1128418.0,15099512.6
202412,15,Anaesthesia,146186.0,5044165.5,2139999.35
202412,18,Preparations used in Diagnosis,6.0,7000.0,1225.0
202412,19,Other Drugs and Preparations,58866.0,21023331.0,1055210.8
202412,2,Cardiovascular System,32281879.0,1142448473.0,108570463.53
202412,20,Dressings,423189.0,11582673.1,14005435.93
202412,21,Appliances,3335519.0,571148827.5,71085350.13
202412,22,Incontinence Appliances,225402.0,4147605.0,5746283.04
202412,23,Stoma Appliances,666222.0,63653891.2,38087128.16
202412,3,Respiratory System,6567688.0,134875990.0,103952875.89
202412,4,Central Nervous System,20181880.0,1361295096.8,144236572.06
202412,5,Infections,4047656.0,155573282.0,21105701.27
202412,6,Endocrine System,12156886.0,585027326.5,180598120.67
202412,7,"Obstetrics, Gynaecology and Urinary-Tract Disorders",2945181.0,113385148.0,23325435.63
202412,8,Malignant Disease and Immunosuppression,391278.0,15421654.0,14895444.3
202412,9,Nutrition and Blood,6006620.0,3088330019.9,76538972.13
202501,1,Gastro-Intestinal System,10264272.0,771449332.0,65133668.14
202501,10,Musculoskeletal and Joint Diseases,2750574.0,178937782.0,11687777.1
202501,11,Eye,1316948.0,25031589.0,14621374.329999998
202501,12,"Ear, Nose and Oropharynx",1011641.0,21069215.3,8882367.120000001
202501,13,Skin,2391879.0,410466489.5,28293687.89
202501,14,Immunological Products and Vaccines,696878.0,698201.0,9414462.0
202501,15,Anaesthesia,164100.0,17081054.5,2232570.41
202501,18,Preparations used in Diagnosis,5.0,4200.0,735.0
202501,19,Other Drugs and Preparations,46501.0,21659663.0,820329.15
202501,2,Cardiovascular System,32811555.0,1157300536.0,103971720.47
202501,20,Dressings,467256.0,12363688.6,15411778.91
202501,21,Appliances,3537287.0,628114360.5,74845054.19
202501,22,Incontinence Appliances,242930.0,4423281.0,6131794.34
202501,23,Stoma Appliances,689947.0,65591277.1,38220918.42
202501,3,Respiratory System,6650529.0,139666470.0,104887916.53
202501,4,Central Nervous System,20667494.0,1381380321.4,143867327.15
202501,5,Infections,3943596.0,139988256.0,20335680.9
202501,6,Endocrine System,12370281.0,595001213.0,184230669.05
202501,7,"Obstetrics, Gynaecology and Urinary-Tract Disorders",3063418.0,120267745.0,24900607.99
202501,8,Malignant Disease and Immunosuppression,399309.0,15505950.0,15732544.48
202501,9,Nutrition and Blood,6213918.0,3165054094.5,78604717.21
202502,1,Gastro-Intestinal System,9179206.0,684929339.0,58723747.88
202502,10,Musculoskeletal and Joint Diseases,2466457.0,160214222.0,10374514.72
202502,11,Eye,1193742.0,22582628.0,13243097.68
202502,12,"Ear, Nose and Oropharynx",915412.0,19187419.6,8018382.609999999
202502,13,Skin,2147002.0,366037204.0,25435453.49
202502,14,Immunological Products and Vaccines,397898.0,399255.0,5436716.279999999
202502,15,Anaesthesia,146514.0,9020243.0,1969176.48
202502,18,Preparations used in Diagnosis,7.0,7200.0,1260.0
202502,19,Other Drugs and Preparations,44864.0,20347098.0,772454.7200000001
202502,2,Cardiovascular System,29540874.0,1039173856.0,93478419.97
202502,20,Dressings,400692.0,10767757.3,13391612.02
202502,21,Appliances,3178836.0,560888825.0,68000095.34
202502,22,Incontinence Appliances,213162.0,3869641.0,5358052.52
202502,23,Stoma Appliances,619456.0,58458594.7,34503324.07
202502,3,Respiratory System,5837591.0,124413884.0,92845219.14
202502,4,Central Nervous System,18464665.0,1230220919.8000002,128829231.33
202502,5,Infections,3405217.0,128236111.0,17893695.72
202502,6,Endocrine System,11051930.0,530273010.5,166318822.46
202502,7,"Obstetrics, Gynaecology and Urinary-Tract Disorders",2724068.0,105391483.0,22290243.92
202502,8,Malignant Disease and Immunosuppression,357139.0,13949288.0,13755080.26
202502,9,Nutrition and Blood,5614744.0,2724268389.1,69347371.57
202503,1,Gastro-Intestinal System,9747037.0,728951501.0,62478760.17
202503,10,Musculoskeletal and Joint Diseases,2650333.0,172033417.0,11216885.15
202503,11,Eye,1279870.0,24158057.0,14173068.9
202503,12,"Ear, Nose and Oropharynx",998811.0,20016058.0,8787211.81
202503,13,Skin,2332932.0,394964668.5,27673024.91
202503,14,Immunological Products and Vaccines,310265.0,311618.0,4362314.51
202503,15,Anaesthesia,154930.0,7795988.0,2077630.76
202503,18,Preparations used in Diagnosis,4.0,5500.0,962.5
202503,19,Other Drugs and Preparations,48279.0,21396279.0,840479.42
202503,2,Cardiovascular System,31471189.0,1111491174.0,100207440.66
202503,20,Dressings,418823.0,11158546.0,14013402.27
202503,21,Appliances,3382787.0,606694160.0,72379045.05
202503,22,Incontinence Appliances,220696.0,4017513.0,5566663.76
202503,23,Stoma Appliances,649645.0,61391801.1,36352154.8
202503,3,Respiratory System,6259177.0,138196783.0,99552307.14
202503,4,Central Nervous System,19606029.0,1304325655.6,136844966.01
202503,5,Infections,3476384.0,131670155.0,19109347.58
202503,6,Endocrine System,11767737.0,566076462.5,179301782.03
202503,7,"Obstetrics, Gynaecology and Urinary-Tract Disorders",2896877.0,111996380.0,23790790.05
202503,8,Malignant Disease and Immunosuppression,374600.0,14683756.0,14263937.61
202503,9,Nutrition and Blood,5943519.0,2897952973.8,74622848.38
202504,1,Gastro-Intestinal System,9789088.0,728529859.0,62552476.760000005
202504,10,Musculoskeletal and Joint Diseases,2650856.0,172052835.0,11479510.91
202504,11,Eye,1294950.0,24639496.5,14540528.65
202504,12,"Ear, Nose and Oropharynx",1012780.0,19588582.5,8900163.25
202504,13,Skin,2252850.0,387361056.0,27883294.51
202504,14,Immunological Products and Vaccines,185110.0,186253.0,2646793.54
202504,15,Anaesthesia,146613.0,30838528.5,2076371.28
202504,18,Preparations used in Diagnosis,3.0,5000.0,875.0
202504,19,Other Drugs and Preparations,46319.0,20687069.0,841622.26
202504,2,Cardiovascular System,31826453.0,1119170024.0,98654439.37
202504,20,Dressings,412521.0,11175290.1,14110146.05
202504,21,Appliances,3349580.0,602685327.0,71955137.0
202504,22,Incontinence Appliances,213387.0,3892591.0,5388474.93
202504,23,Stoma Appliances,642526.0,60889464.4,35626861.54
202504,3,Respiratory System,6329824.0,145224221.0,99543790.88
202504,4,Central Nervous System,19719023.0,1319512942.4,136483519.11
202504,5,Infections,3261698.0,117533160.0,17487991.97
202504,6,Endocrine System,11848844.0,566685254.5,180675129.23
202504,7,"Obstetrics, Gynaecology and Urinary-Tract Disorders",2948031.0,116839281.0,24028432.52
202504,8,Malignant Disease and Immunosuppression,379480.0,14757489.0,14936250.33
202504,9,Nutrition and Blood,5957918.0,2910710742.5,74515191.42999999
202505,1,Gastro-Intestinal System,10143717.0,756030544.0,66069306.89
202505,10,Musculoskeletal and Joint Diseases,2770638.0,179908549.0,12564062.86
202505,11,Eye,1337953.0,25545695.0,15454381.079999998
202505,12,"Ear, Nose and Oropharynx",1036280.0,20505023.1,8816405.96
202505,13,Skin,2345733.0,404627757.5,29274963.07
202505,14,Immunological Products and Vaccines,178352.0,180063.0,2573080.46
202505,15,Anaesthesia,152967.0,19023195.5,2193661.89
202505,18,Preparations used in Diagnosis,2.0,1500.0,262.5
202505,19,Other Drugs and Preparations,50313.0,22488492.0,838678.8200000001
202505,2,Cardiovascular System,32949523.0,1165809459.0,102712099.8
202505,20,Dressings,436006.0,11690997.1,14794284.01
202505,21,Appliances,3501739.0,629603567.5,76614045.14
202505,22,Incontinence Appliances,228142.0,4140467.0,5803523.340000001
202505,23,Stoma Appliances,680706.0,64620550.8,37978434.01
202505,3,Respiratory System,6551481.0,152750023.0,104321409.06
202505,4,Central Nervous System,20349270.0,1355247024.8000002,141707013.6
202505,5,Infections,3190978.0,115025680.0,18449751.63
202505,6,Endocrine System,12327618.0,592960991.5,192227750.68
202505,7,"Obstetrics, Gynaecology and Urinary-Tract Disorders",3085311.0,123715433.0,25147621.28
202505,8,Malignant Disease and Immunosuppression,394812.0,15434882.0,15581031.27
202505,9,Nutrition and Blood,6177352.0,3139134274.4,80494009.21000001
202506,1,Gastro-Intestinal System,9835875.0,731833482.0,64786151.28
202506,10,Musculoskeletal and Joint Diseases,2699513.0,174491902.0,12713958.510000002
202506,11,Eye,1321980.0,25360748.5,15417238.97
202506,12,"Ear, Nose and Oropharynx",1041239.0,20109514.3,8863495.42
202506,13,Skin,2290509.0,390787214.5,28557615.09
202506,14,Immunological Products and Vaccines,174182.0,175596.0,2520528.5
202506,15,Anaesthesia,154151.0,9897302.5,2159397.54
202506,18,Preparations used in Diagnosis,7.0,9400.0,1645.0
202506,19,Other Drugs and Preparations,49454.0,20839792.0,805953.3500000001
202506,2,Cardiovascular System,31765054.0,1114782916.0,98272347.8
202506,20,Dressings,466887.0,12123128.7,15505129.36
202506,21,Appliances,3420877.0,605105215.0,76104848.83
202506,22,Incontinence Appliances,228012.0,4122315.0,5789808.390000001
202506,23,Stoma Appliances,669637.0,63739228.0,37048655.760000005
202506,3,Respiratory System,6388750.0,152084734.0,101894219.64
202506,4,Central Nervous System,19750475.0,1312338181.0,138104520.71
202506,5,Infections,3126615.0,111442761.0,18699579.11
202506,6,Endocrine System,11950808.0,570671332.5,189540945.24
202506,7,"Obstetrics, Gynaecology and Urinary-Tract Disorders",3000946.0,120307327.0,24755989.46
202506,8,Malignant Disease and Immunosuppression,381380.0,14849465.0,15039490.96
202506,9,Nutrition and Blood,6039344.0,3029047000.1,77838751.37
202507,1,Gastro-Intestinal System,10497896.0,777806899.0,65264708.98
202507,10,Musculoskeletal and Joint Diseases,2869404.0,185691811.0,13541434.02
202507,11,Eye,1368473.0,26536648.5,15779051.05
202507,12,"Ear, Nose and Oropharynx",1019730.0,20863551.5,8473598.02
202507,13,Skin,2395341.0,408101859.0,29766418.86
202507,14,Immunological Products and Vaccines,170159.0,171734.0,2467540.68
202507,15,Anaesthesia,156261.0,8688344.0,2255352.15
202507,18,Preparations used in Diagnosis,2.0,1500.0,262.5
202507,19,Other Drugs and Preparations,48811.0,22179145.0,885150.4299999999
202507,2,Cardiovascular System,34003434.0,1198528223.6,102067688.4
202507,20,Dressings,476664.0,12550522.86,16183621.72
202507,21,Appliances,3610014.0,625593076.5,81989074.16
202507,22,Incontinence Appliances,243893.0,4418033.0,6155745.34
202507,23,Stoma Appliances,713283.0,67745645.0,39511845.09
202507,3,Respiratory System,6601004.0,154045586.0,109353370.44
202507,4,Central Nervous System,21036392.0,1397155991.8,142553269.13
202507,5,Infections,3276825.0,116049749.5,18749375.53
202507,6,Endocrine System,12798656.0,612522414.0,204049826.21
202507,7,"Obstetrics, Gynaecology and Urinary-Tract Disorders",3207910.0,128174469.0,26047320.3
202507,8,Malignant Disease and Immunosuppression,407417.0,15904538.0,15831435.4
202507,9,Nutrition and Blood,6455340.0,3593391995.6000004,90209023.56
202508,1,Gastro-Intestinal System,9657815.0,713520469.0,60006295.05
202508,10,Musculoskeletal and Joint Diseases,2627491.0,170138714.0,12312179.02
202508,11,Eye,1225662.0,24006876.5,14178140.0
202508,12,"Ear, Nose and Oropharynx",883883.0,18794969.4,7455634.86
202508,13,Skin,2127804.0,362949022.0,26577196.55
202508,14,Immunological Products and Vaccines,166230.0,167423.5,2368594.58
202508,15,Anaesthesia,136774.0,18292495.5,2070661.61
202508,18,Preparations used in Diagnosis,3.0,6000.0,1050.0
202508,19,Other Drugs and Preparations,45451.0,20824344.0,874432.3699999999
202508,2,Cardiovascular System,31379923.0,1102641943.6,96623382.16
202508,20,Dressings,434450.0,11345820.3,14727930.99
202508,21,Appliances,3244236.0,557013634.0,75135782.97999999
202508,22,Incontinence Appliances,221710.0,4005293.0,5615753.3
202508,23,Stoma Appliances,653649.0,62159736.0,36418062.18
202508,3,Respiratory System,5900016.0,134795101.0,99512717.11
202508,4,Central Nervous System,19360476.0,1283519709.6,131072115.27
202508,5,Infections,2942542.0,99709803.5,17200640.07
202508,6,Endocrine System,11730842.0,559364679.0,183671536.45
202508,7,"Obstetrics, Gynaecology and Urinary-Tract Disorders",2951090.0,115890577.0,23780712.09
202508,8,Malignant Disease and Immunosuppression,374830.0,14551806.0,14513420.97
202508,9,Nutrition and Blood,5896669.0,3029071447.4,76909590.41
202509,1,Gastro-Intestinal System,10214512.0,758747456.0,63931542.82000001
202509,10,Musculoskeletal and Joint Diseases,2779853.0,180506895.0,12923605.57
202509,11,Eye,1274206.0,25148496.0,14748904.9
202509,12,"Ear, Nose and Oropharynx",933213.0,20476708.9,7948653.42
202509,13,Skin,2248138.0,384456768.5,28037515.22
202509,14,Immunological Products and Vaccines,199162.0,200565.0,2997860.98
202509,15,Anaesthesia,152138.0,8547952.5,2170109.7800000003
202509,18,Preparations used in Diagnosis,5.0,6500.0,1137.5
202509,19,Other Drugs and Preparations,47353.0,22173708.0,917550.68
202509,2,Cardiovascular System,32896527.0,1157291080.4,101545625.98
202509,20,Dressings,459663.0,12150451.9,15841154.09
202509,21,Appliances,3449676.0,591429650.0,78862445.43
202509,22,Incontinence Appliances,236541.0,4243235.0,5951609.37
202509,23,Stoma Appliances,687207.0,65666614.6,37998704.28
202509,3,Respiratory System,6284463.0,141297771.0,106456793.75
202509,4,Central Nervous System,20423293.0,1350686502.4,141039097.57
202509,5,Infections,3244440.0,112874436.5,19354420.66
202509,6,Endocrine System,12430578.0,590642463.5,228434236.02
202509,7,"Obstetrics, Gynaecology and Urinary-Tract Disorders",3120975.0,123287841.0,25480883.67
202509,8,Malignant Disease and Immunosuppression,395332.0,15374301.0,15232559.0
202509,9,Nutrition and Blood,6234394.0,3208811749.3,81721711.02
202510,1,Gastro-Intestinal System,10473388.0,779389145.0,61209142.120000005
202510,10,Musculoskeletal and Joint Diseases,2827935.0,184080069.0,12585405.91
202510,11,Eye,1311193.0,25890288.5,14976502.62
202510,12,"Ear, Nose and Oropharynx",977306.0,21083491.1,7657154.119999999
202510,13,Skin,2303801.0,389905230.5,28153255.35
202510,14,Immunological Products and Vaccines,8711117.0,8712861.5,149774193.98000002
202510,15,Anaesthesia,155002.0,35196146.0,2194608.98
202510,18,Preparations used in Diagnosis,3.0,2500.0,437.5
202510,19,Other Drugs and Preparations,45979.0,23008845.0,901034.66
202510,2,Cardiovascular System,33854130.0,1189815034.8,101035649.68
202510,20,Dressings,463570.0,12184015.8,15905832.76
202510,21,Appliances,3548494.0,608017561.0,81675834.9
202510,22,Incontinence Appliances,245537.0,4384709.0,6176681.88
202510,23,Stoma Appliances,711569.0,67641673.7,39441948.95
202510,3,Respiratory System,6418788.0,140213149.0,106841028.07
202510,4,Central Nervous System,21045211.0,1389756366.4,142204010.62
202510,5,Infections,3614212.0,129302447.0,22064532.27
202510,6,Endocrine System,12802946.0,606904432.5,213578689.11
202510,7,"Obstetrics, Gynaecology and Urinary-Tract Disorders",3205953.0,125855223.0,25704493.51
202510,8,Malignant Disease and Immunosuppression,405950.0,15760310.0,15676142.13
202510,9,Nutrition and Blood,6403384.0,3383344651.9,85900330.3
202511,1,Gastro-Intestinal System,9641189.0,718592162.0,56658485.23
202511,10,Musculoskeletal and Joint Diseases,2590548.0,168383724.0,11640650.28
202511,11,Eye,1206192.0,23991455.0,13830596.94
202511,12,"Ear, Nose and Oropharynx",921756.0,19924827.4,7602873.09
202511,13,Skin,2133744.0,356810145.5,25974522.68
202511,14,Immunological Products and Vaccines,2623180.0,2624534.5,44268067.37
202511,15,Anaesthesia,150351.0,21044556.5,2053049.19
202511,18,Preparations used in Diagnosis,5.0,4500.0,787.5
202511,19,Other Drugs and Preparations,45281.0,20542119.0,987439.6
202511,2,Cardiovascular System,31270819.0,1098545589.0,94153758.5
202511,20,Dressings,406543.0,10973881.9,14216245.12
202511,21,Appliances,3311419.0,573293347.0,76425899.5
202511,22,Incontinence Appliances,230183.0,4133216.0,5844264.37
202511,23,Stoma Appliances,660337.0,63343860.400000006,37439225.8
202511,3,Respiratory System,5901038.0,128689235.0,98465034.3
202511,4,Central Nervous System,19357406.0,1276183522.4,131401446.16
202511,5,Infections,3421420.0,129041691.0,20441218.73
202511,6,Endocrine System,11859708.0,560606655.5,199394927.05
202511,7,"Obstetrics, Gynaecology and Urinary-Tract Disorders",3010067.0,118567444.0,24694053.68
202511,8,Malignant Disease and Immunosuppression,373595.0,14511740.0,14455380.92
202511,9,Nutrition and Blood,5891463.0,3004008792.2,76965733.25999999
202512,1,Gastro-Intestinal System,10630456.0,796810848.0,62827856.96
202512,10,Musculoskeletal and Joint Diseases,2804454.0,182816316.0,12681806.73
202512,11,Eye,1329279.0,25991102.5,14974406.36
202512,12,"Ear, Nose and Oropharynx",1012455.0,21363033.9,8393043.98
202512,13,Skin,2192188.0,377024781.0,26730742.56
202512,14,Immunological Products and Vaccines,1354934.0,1356123.0,22653135.55
202512,15,Anaesthesia,154057.0,14895086.0,2160395.1
202512,18,Preparations used in Diagnosis,5.0,7100.0,1242.5
202512,19,Other Drugs and Preparations,49396.0,22479228.0,1164904.31
202512,2,Cardiovascular System,34657580.0,1223975472.6,103428804.76
202512,20,Dressings,412615.0,11535762.4,14931951.82
202512,21,Appliances,3574488.0,613151067.5,81584790.66
202512,22,Incontinence Appliances,233670.0,4242123.0,5966893.24
202512,23,Stoma Appliances,707314.0,68306046.7,40388753.57
202512,3,Respiratory System,6572719.0,142390010.0,110559691.96
202512,4,Central Nervous System,21388167.0,1416266967.8,146250333.16
202512,5,Infections,4007797.0,152981661.5,23007595.450000003
202512,6,Endocrine System,13138661.0,619534232.5,215397935.78
202512,7,"Obstetrics, Gynaecology and Urinary-Tract Disorders",3308186.0,129373893.0,27044014.4
202512,8,Malignant Disease and Immunosuppression,412508.0,16068750.0,15631372.93
202512,9,Nutrition and Blood,6392447.0,3299442178.3,84911488.47999999
202601,1,Gastro-Intestinal System,10253489.0,768973467.0,60568185.75
202601,10,Musculoskeletal and Joint Diseases,2729405.0,177156641.0,12401916.21
202601,11,Eye,1301720.0,25294234.0,14120684.51
202601,12,"Ear, Nose and Oropharynx",1006005.0,20667888.8,7901586.68
202601,13,Skin,2304210.0,389273153.0,27135224.95
202601,14,Immunological Products and Vaccines,549407.0,550779.5,8994065.78
202601,15,Anaesthesia,162464.0,18585814.5,2045099.54
202601,18,Preparations used in Diagnosis,4.0,5500.0,962.5
202601,19,Other Drugs and Preparations,52036.0,22813062.0,1162203.79
202601,2,Cardiovascular System,33192362.0,1168729244.2,102182141.42
202601,20,Dressings,436373.0,11475670.46,15371000.29
202601,21,Appliances,3590669.0,635905811.0,81775196.47999999
202601,22,Incontinence Appliances,250547.0,4516530.0,6333794.17
202601,23,Stoma Appliances,693130.0,66386107.900000006,38403443.62
202601,3,Respiratory System,6309926.0,139398343.0,108279136.43
202601,4,Central Nervous System,20612248.0,1353179468.4,136312972.91
202601,5,Infections,3749178.0,132337636.0,21267859.59
202601,6,Endocrine System,12606979.0,593907236.5,205360582.23
202601,7,"Obstetrics, Gynaecology and Urinary-Tract Disorders",3235081.0,127960100.0,26723861.220000003
202601,8,Malignant Disease and Immunosuppression,403225.0,15491241.0,15657025.26
202601,9,Nutrition and Blood,6190877.0,3135533286.3,80545530.75999999
202602,1,Gastro-Intestinal System,9427961.0,703026939.0,55292058.07
202602,10,Musculoskeletal and Joint Diseases,2519630.0,163176804.0,11215569.830000002
202602,11,Eye,1231255.0,24168831.0,13379753.44
202602,12,"Ear, Nose and Oropharynx",932383.0,19298885.8,7395691.970000001
202602,13,Skin,2106822.0,352645410.5,24938398.72
202602,14,Immunological Products and Vaccines,377915.0,379315.0,5917868.62
202602,15,Anaesthesia,154497.0,23985498.5,1904540.35
202602,18,Preparations used in Diagnosis,6.0,9000.0,1575.0
202602,19,Other Drugs and Preparations,48675.0,22044021.0,1070546.09
202602,2,Cardiovascular System,30718032.0,1078737311.2,95654595.75
202602,20,Dressings,386985.0,10343544.68,13532886.62
202602,21,Appliances,3308234.0,578332279.5,75754720.52
202602,22,Incontinence Appliances,222660.0,3980149.0,5616222.29
202602,23,Stoma Appliances,637314.0,60737414.8,35626911.14
202602,3,Respiratory System,5719855.0,128284495.0,98420319.73
202602,4,Central Nervous System,18984763.0,1242478443.6,129159810.02
202602,5,Infections,3350388.0,125965824.0,19375472.92
202602,6,Endocrine System,11585067.0,544652482.0,188549860.04
202602,7,"Obstetrics, Gynaecology and Urinary-Tract Disorders",2965313.0,114371287.0,24431021.31
202602,8,Malignant Disease and Immunosuppression,373886.0,14284752.0,14201872.67
202602,9,Nutrition and Blood,5739193.0,2914867687.4,75837652.99000001
202603,1,Gastro-Intestinal System,10291025.0,767923829.0,61220231.620000005
202603,10,Musculoskeletal and Joint Diseases,2780144.0,179978100.0,12382313.23
202603,11,Eye,1346361.0,26533049.0,14677621.04
202603,12,"Ear, Nose and Oropharynx",1052668.0,20782571.1,8207000.130000001
202603,13,Skin,2342671.0,387769994.0,27617139.0
202603,14,Immunological Products and Vaccines,288352.0,289508.0,4546986.4
202603,15,Anaesthesia,160133.0,8595657.5,2004338.29
202603,18,Preparations used in Diagnosis,2.0,2000.0,350.0
202603,19,Other Drugs and Preparations,52829.0,25610200.0,1176793.46
202603,2,Cardiovascular System,33746325.0,1189714689.6,104997330.81
202603,20,Dressings,423067.0,11283697.06,14836571.44
202603,21,Appliances,3609152.0,637639323.5,82745017.55
202603,22,Incontinence Appliances,244410.0,4307479.0,6126522.029999999
202603,23,Stoma Appliances,697529.0,66318910.5,39247492.43
202603,3,Respiratory System,6313669.0,146935788.0,107569869.95
202603,4,Central Nervous System,20776167.0,1359664036.2,142390770.75
202603,5,Infections,3584399.0,135398809.0,21256033.83
202603,6,Endocrine System,12710662.0,598030648.5,208930138.82
202603,7,"Obstetrics, Gynaecology and Urinary-Tract Disorders",3233801.0,124431802.0,26601263.94
202603,8,Malignant Disease and Immunosuppression,411895.0,15785453.0,15499445.05
202603,9,Nutrition and Blood,6223623.0,3182478708.3,82638660.63
202604,1,Gastro-Intestinal System,10120171.0,756531811.0,60248546.84
202604,10,Musculoskeletal and Joint Diseases,2737331.0,178096677.0,12540955.77
202604,11,Eye,1312277.0,25954659.0,13989134.55
202604,12,"Ear, Nose and Oropharynx",1024598.0,20071191.0,7818678.82
202604,13,Skin,2279739.0,382432609.5,26577736.96
202604,14,Immunological Products and Vaccines,184400.0,185436.0,2879449.36
202604,15,Anaesthesia,146588.0,22485272.0,1911624.69
202604,19,Other Drugs and Preparations,53202.0,25003703.0,1257778.82
202604,2,Cardiovascular System,33152997.0,1165840242.0,111692453.85
202604,20,Dressings,405679.0,10962839.36,14437710.52
202604,21,Appliances,3524708.0,636940070.5,80775593.53999999
202604,22,Incontinence Appliances,237691.0,4211968.0,5967584.970000001
202604,23,Stoma Appliances,683874.0,65531342.0,37847549.53
202604,3,Respiratory System,6211295.0,148989311.0,105054378.28
202604,4,Central Nervous System,20446635.0,1340779470.8,140091504.8
202604,5,Infections,3270632.0,117667338.5,20848320.63
202604,6,Endocrine System,12471658.0,585800835.0,204933493.39
202604,7,"Obstetrics, Gynaecology and Urinary-Tract Disorders",3187238.0,123475723.0,26519271.93
202604,8,Malignant Disease and Immunosuppression,403393.0,15353987.0,15327106.76
202604,9,Nutrition and Blood,6101952.0,3110910895.9,80852306.12
202605,1,Gastro-Intestinal System,9843831.0,731519655.0,58714810.41
202605,10,Musculoskeletal and Joint Diseases,2685990.0,173633286.0,12252619.97
202605,11,Eye,1279819.0,25331502.0,13666729.13
202605,12,"Ear, Nose and Oropharynx",992212.0,19562018.5,7568632.47
202605,13,Skin,2190046.0,369685321.5,25754857.42
202605,14,Immunological Products and Vaccines,165402.0,166503.0,2555023.6
202605,15,Anaesthesia,149279.0,20397183.0,1875755.07
202605,18,Preparations used in Diagnosis,3.0,2200.0,385.0
202605,19,Other Drugs and Preparations,54796.0,25088551.0,1256220.94
202605,2,Cardiovascular System,32454560.0,1144809653.2,112732926.91
202605,20,Dressings,391093.0,10371693.16,13645413.83
202605,21,Appliances,3462996.0,616132639.0,81432594.88
202605,22,Incontinence Appliances,241521.0,4252240.0,6094990.12
202605,23,Stoma Appliances,676094.0,64622675.0,38069163.63
202605,3,Respiratory System,6056850.0,146867314.0,102912349.07
202605,4,Central Nervous System,19941097.0,1304081119.0,140612957.43
202605,5,Infections,3142169.0,115599747.5,20579972.31
202605,6,Endocrine System,12265358.0,576793375.5,202808754.16000003
202605,7,"Obstetrics, Gynaecology and Urinary-Tract Disorders",3134413.0,121817516.0,26662511.33
202605,8,Malignant Disease and Immunosuppression,393078.0,15081425.0,15072219.63
202605,9,Nutrition and Blood,5936819.0,3000045635.4,78416556.39
202606,1,Gastro-Intestinal System,10317703.0,765342623.0,61775607.07
202606,10,Musculoskeletal and Joint Diseases,2829269.0,182701794.0,12844481.08
202606,11,Eye,1381051.0,26905925.0,14564486.23
202606,12,"Ear, Nose and Oropharynx",1093970.0,20903328.2,8362882.859999999
202606,13,Skin,2324155.0,389317934.0,27117524.970000003
202606,14,Immunological Products and Vaccines,153682.0,154907.0,2321487.67
202606,15,Anaesthesia,155608.0,9963012.0,1959039.11
202606,19,Other Drugs and Preparations,51228.0,25601259.0,1276665.26
202606,2,Cardiovascular System,33826351.0,1188651689.4,123659382.46
202606,20,Dressings,453664.0,11853637.52,15676621.12
202606,21,Appliances,3671512.0,642422356.5,86664854.47999999
202606,22,Incontinence Appliances,251768.0,4421603.0,6302589.220000001
202606,23,Stoma Appliances,726995.0,69264928.80000001,40701055.03
202606,3,Respiratory System,6428228.0,160348210.0,108452770.81
202606,4,Central Nervous System,20844341.0,1357849165.4,149626771.44
202606,5,Infections,3297440.0,119467923.0,21497383.43
202606,6,Endocrine System,12862251.0,602303682.0,212446370.23
202606,7,"Obstetrics, Gynaecology and Urinary-Tract Disorders",3299210.0,128821952.0,28454985.7
202606,8,Malignant Disease and Immunosuppression,411075.0,15727392.0,15855025.24
202606,9,Nutrition and Blood,6236226.0,3204262270.8,83675593.78999999
